,DATE,INM_PREC_TOTAL,INM_TEMP_BSE,INM_UMID_AR,INM_VENT_DIR,INM_VENT_VEL,INM_VENT_DROS
12,2018-01-01,0.0,25.7,73.0,359.0,2.7,SSE
36,2018-01-02,0.0,26.7,73.0,354.0,1.4,N
60,2018-01-03,0.0,24.9,66.0,126.0,2.0,N
84,2018-01-04,0.0,26.8,54.0,294.0,1.7,SE
108,2018-01-05,0.0,26.6,63.0,337.0,2.9,SSE
132,2018-01-06,0.0,28.4,57.0,11.0,1.9,SSE
156,2018-01-07,0.0,24.8,61.0,158.0,4.1,SSW
180,2018-01-08,0.0,23.0,71.0,162.0,1.8,S
204,2018-01-09,0.0,21.7,90.0,194.0,1.5,S
228,2018-01-10,3.8,22.1,92.0,6.0,0.9,SSE
252,2018-01-11,0.2,22.6,92.0,209.0,0.6,S
276,2018-01-12,0.0,25.6,75.0,113.0,1.0,SSE
300,2018-01-13,0.0,24.8,81.0,143.0,1.5,NNW
324,2018-01-14,0.0,29.1,61.0,308.0,2.0,NW
348,2018-01-15,0.0,27.7,66.0,2.0,2.4,N
372,2018-01-16,0.0,26.6,80.0,172.0,0.0,N
396,2018-01-17,0.0,25.3,84.0,227.0,0.2,NW
420,2018-01-18,0.0,28.4,71.0,4.0,2.3,N
444,2018-01-19,0.0,25.9,71.0,151.0,3.6,ENE
468,2018-01-20,0.0,25.2,66.0,161.0,1.2,N
492,2018-01-21,0.0,25.8,72.0,113.0,0.7,NNE
516,2018-01-22,0.0,24.6,83.0,2.0,1.8,N
540,2018-01-23,0.0,28.2,65.0,19.0,1.2,NNE
564,2018-01-24,0.0,27.4,68.0,149.0,1.1,NNE
588,2018-01-25,0.0,25.4,75.0,150.0,1.1,N
612,2018-01-26,0.0,21.4,86.0,169.0,4.0,NNW
636,2018-01-27,0.0,23.1,76.0,270.0,1.1,SSE
660,2018-01-28,0.0,24.9,73.0,336.0,1.6,SSW
684,2018-01-29,0.0,25.8,81.0,146.0,1.1,SW
708,2018-01-30,0.0,25.7,52.0,118.0,0.5,SSE
732,2018-01-31,0.0,23.6,81.0,192.0,2.1,SE
756,2018-02-01,0.0,25.7,72.0,163.0,1.0,SSE
780,2018-02-02,0.0,25.7,62.0,174.0,0.9,N
804,2018-02-03,0.0,24.7,63.0,107.0,1.1,N
828,2018-02-04,0.0,24.1,65.0,171.0,1.6,NNW
852,2018-02-05,0.0,24.6,65.0,167.0,1.2,N
876,2018-02-06,0.0,24.7,65.0,136.0,1.2,SSE
900,2018-02-07,0.0,25.7,64.0,145.0,1.3,SSE
924,2018-02-08,0.0,26.9,68.0,327.0,2.1,SE
948,2018-02-09,0.0,28.1,67.0,352.0,2.0,SSE
972,2018-02-10,0.0,27.5,71.0,353.0,2.1,SW
996,2018-02-11,0.0,25.4,84.0,349.0,1.6,SSE
1020,2018-02-12,0.0,24.3,80.0,174.0,1.7,SE
1044,2018-02-13,0.0,24.1,59.0,164.0,3.1,NW
1068,2018-02-14,0.0,23.3,63.0,151.0,1.2,SSE
1092,2018-02-15,0.0,23.5,64.0,214.0,0.8,SE
1116,2018-02-16,0.0,23.2,71.0,239.0,2.1,SE
1140,2018-02-17,0.0,24.1,69.0,94.0,0.4,NNE
1164,2018-02-18,0.0,25.9,63.0,299.0,1.5,S
1188,2018-02-19,0.0,24.9,75.0,259.0,1.2,SE
1212,2018-02-20,0.0,25.8,79.0,356.0,3.3,NNE
1236,2018-02-21,0.0,25.7,77.0,161.0,1.0,NNE
1260,2018-02-22,0.0,25.0,73.0,122.0,0.8,NNE
1284,2018-02-23,0.0,22.7,73.0,277.0,1.2,SSE
1308,2018-02-24,0.0,23.2,74.0,162.0,1.9,SSW
1332,2018-02-25,0.0,24.9,69.0,146.0,1.4,WNW
1356,2018-02-26,0.0,26.5,62.0,32.0,1.8,NE
1380,2018-02-27,0.0,26.0,65.0,185.0,0.8,NNW
1404,2018-02-28,0.0,26.0,70.0,326.0,1.0,NNW
1428,2018-03-01,0.0,27.2,66.0,31.0,0.9,ESE
1452,2018-03-02,0.0,25.6,78.0,349.0,1.8,SSW
1476,2018-03-03,0.0,26.4,67.0,258.0,0.9,SE
1500,2018-03-04,0.0,23.9,91.0,337.0,0.2,NNW
1524,2018-03-05,0.0,26.2,68.0,354.0,1.2,N
1548,2018-03-06,0.0,26.2,70.0,143.0,1.6,N
1572,2018-03-07,0.0,24.0,76.0,163.0,2.9,N
1596,2018-03-08,0.0,21.8,67.0,273.0,0.9,SSE
1620,2018-03-09,0.0,24.2,64.0,242.0,0.8,WSW
1644,2018-03-10,0.0,25.5,73.0,299.0,1.3,NNW
1668,2018-03-11,0.0,27.2,70.0,5.0,1.5,SE
1692,2018-03-12,0.0,24.8,77.0,153.0,3.2,S
1716,2018-03-13,0.0,23.3,66.0,335.0,1.8,WSW
1740,2018-03-14,0.0,25.3,84.0,296.0,1.0,SSE
1764,2018-03-15,0.0,26.3,69.0,347.0,2.8,WSW
1788,2018-03-16,0.0,23.7,65.0,158.0,3.1,SSE
1812,2018-03-17,0.0,25.4,65.0,337.0,0.7,N
1836,2018-03-18,0.0,26.0,75.0,351.0,3.0,NNE
1860,2018-03-19,0.0,28.4,73.0,7.0,1.5,W
1884,2018-03-20,0.0,22.2,78.0,294.0,1.2,SW
1908,2018-03-21,0.0,23.0,74.0,208.0,0.5,SSE
1932,2018-03-22,0.0,23.7,64.0,184.0,1.0,NNW
1956,2018-03-23,0.0,25.7,70.0,306.0,3.1,NNW
1980,2018-03-24,0.0,26.0,85.0,356.0,3.0,N
2004,2018-03-25,12.0,22.3,92.0,251.0,0.8,SE
2028,2018-03-26,0.0,21.2,79.0,163.0,3.2,ESE
2052,2018-03-27,0.0,21.8,87.0,37.0,0.3,SSE
2076,2018-03-28,0.0,25.8,78.0,8.0,1.4,SE
2100,2018-03-29,0.0,24.7,86.0,273.0,1.1,NNW
2124,2018-03-30,0.0,23.9,81.0,319.0,0.1,N
2148,2018-03-31,3.6,23.1,93.0,287.0,1.0,SW
2172,2018-04-01,0.0,24.2,85.0,3.0,1.2,SW
2196,2018-04-02,0.0,25.0,83.0,119.0,0.8,SSE
2220,2018-04-03,0.0,25.2,68.0,135.0,1.3,NW
2244,2018-04-04,0.0,24.0,69.0,206.0,1.0,W
2268,2018-04-05,0.0,22.5,70.0,223.0,0.6,ESE
2292,2018-04-06,0.0,22.0,78.0,260.0,1.4,S
2316,2018-04-07,0.0,24.6,72.0,268.0,0.9,NE
2340,2018-04-08,0.0,25.8,65.0,312.0,0.9,NNE
2364,2018-04-09,0.0,24.8,73.0,306.0,0.7,SSE
2388,2018-04-10,0.0,25.7,71.0,346.0,2.2,S
2412,2018-04-11,0.0,26.1,68.0,325.0,1.7,N
2436,2018-04-12,0.0,25.0,68.0,274.0,2.0,E
2460,2018-04-13,0.0,25.6,72.0,163.0,1.0,SE
2484,2018-04-14,0.0,21.6,78.0,158.0,4.2,SSW
2508,2018-04-15,0.0,20.5,82.0,248.0,1.6,SW
2532,2018-04-16,0.0,20.8,83.0,202.0,1.8,ESE
2556,2018-04-17,0.8,19.9,87.0,31.0,1.0,SE
2580,2018-04-18,0.0,21.8,80.0,42.0,0.9,W
2604,2018-04-19,0.0,23.6,65.0,318.0,0.8,NW
2628,2018-04-20,0.0,23.4,68.0,341.0,0.9,S
2652,2018-04-21,0.0,23.5,61.0,290.0,0.6,WNW
2676,2018-04-22,0.0,24.1,70.0,334.0,2.0,WNW
2700,2018-04-23,0.0,24.4,70.0,279.0,1.2,NW
2724,2018-04-24,0.0,25.1,63.0,24.0,0.4,WNW
2748,2018-04-25,0.0,25.2,71.0,230.0,0.4,NNW
2772,2018-04-26,0.0,24.2,74.0,270.0,0.0,NW
2796,2018-04-27,0.0,24.7,79.0,305.0,1.1,N
2820,2018-04-28,0.0,25.3,70.0,41.0,1.0,N
2844,2018-04-29,0.0,23.9,86.0,245.0,0.4,SSE
2868,2018-04-30,0.0,24.8,78.0,351.0,2.2,W
2892,2018-05-01,0.0,22.8,86.0,245.0,0.6,SW
2916,2018-05-02,0.0,21.7,80.0,155.0,2.4,SSE
2940,2018-05-03,0.0,22.5,92.0,308.0,0.8,S
2964,2018-05-04,0.0,23.3,86.0,311.0,1.2,SSE
2988,2018-05-05,0.0,23.9,80.0,190.0,1.3,S
3012,2018-05-06,0.0,22.0,88.0,273.0,1.2,W
3036,2018-05-07,0.0,22.8,80.0,190.0,1.5,WSW
3060,2018-05-08,0.0,21.3,78.0,243.0,1.3,SSE
3084,2018-05-09,0.0,19.7,90.0,329.0,1.0,WSW
3108,2018-05-10,0.0,22.3,79.0,303.0,2.1,N
3132,2018-05-11,0.0,23.3,74.0,320.0,1.7,WNW
3156,2018-05-12,0.0,22.7,58.0,96.0,0.3,WNW
3180,2018-05-13,0.0,18.8,73.0,288.0,0.6,WSW
3204,2018-05-14,0.0,20.0,75.0,176.0,0.4,N
3228,2018-05-15,0.0,22.3,70.0,290.0,2.7,ENE
3252,2018-05-16,0.0,21.5,74.0,148.0,1.0,SSE
3276,2018-05-17,0.0,19.9,68.0,172.0,0.8,W
3300,2018-05-18,0.0,21.5,77.0,353.0,1.8,NW
3324,2018-05-19,0.0,19.7,82.0,63.0,0.7,SW
3348,2018-05-20,0.0,16.6,61.0,281.0,2.6,SSW
3372,2018-05-21,0.0,14.9,58.0,271.0,0.9,W
3396,2018-05-22,0.0,16.0,74.0,249.0,0.6,WSW
3420,2018-05-23,0.0,16.5,71.0,226.0,0.9,ENE
3444,2018-05-24,0.0,15.3,76.0,246.0,0.8,ESE
3468,2018-05-25,0.0,16.3,79.0,275.0,0.7,NE
3492,2018-05-26,0.0,19.8,77.0,46.0,0.2,W
3516,2018-05-27,0.0,20.9,78.0,352.0,0.1,NNE
3540,2018-05-28,0.0,21.6,77.0,28.0,0.5,NNW
3564,2018-05-29,0.0,19.5,89.0,255.0,1.0,NNE
3588,2018-05-30,0.0,19.9,91.0,252.0,0.1,SSE
3612,2018-05-31,0.0,20.4,78.0,354.0,1.9,SSE
3636,2018-06-01,0.0,20.6,73.0,344.0,1.4,W
3660,2018-06-02,0.0,19.9,86.0,164.0,1.1,WSW
3684,2018-06-03,0.0,15.0,60.0,80.0,0.2,SSE
3708,2018-06-04,0.0,14.2,76.0,243.0,0.6,W
3732,2018-06-05,0.0,16.2,93.0,330.0,0.6,N
3756,2018-06-06,0.0,15.3,67.0,267.0,0.3,WNW
3780,2018-06-07,0.0,13.7,82.0,260.0,1.8,S
3804,2018-06-08,0.0,14.1,61.0,221.0,0.1,WSW
3828,2018-06-09,0.0,15.0,65.0,43.0,1.0,W
3852,2018-06-10,0.0,16.9,86.0,322.0,0.4,NW
3876,2018-06-11,0.0,19.7,83.0,332.0,1.5,WNW
3900,2018-06-12,0.0,20.4,82.0,139.0,1.9,W
3924,2018-06-13,0.0,18.3,87.0,248.0,1.2,N
3948,2018-06-14,0.0,11.3,75.0,266.0,1.7,W
3972,2018-06-15,0.0,12.5,75.0,240.0,1.5,WNW
3996,2018-06-16,0.0,11.8,64.0,175.0,2.1,NNW
4020,2018-06-17,0.0,12.9,76.0,101.0,0.1,N
4044,2018-06-18,0.0,15.0,93.0,353.0,0.5,SSE
4068,2018-06-19,0.0,17.8,87.0,262.0,0.9,WSW
4092,2018-06-20,0.0,16.3,81.0,290.0,1.3,W
4116,2018-06-21,0.0,16.6,75.0,350.0,1.1,NNW
4140,2018-06-22,0.0,17.2,75.0,146.0,2.9,NW
4164,2018-06-23,0.0,17.1,77.0,353.0,2.4,SSW
4188,2018-06-24,0.0,15.9,78.0,157.0,5.9,NNW
4212,2018-06-25,0.0,16.3,91.0,342.0,1.1,SE
4236,2018-06-26,0.0,16.4,85.0,149.0,2.7,SSE
4260,2018-06-27,0.0,16.7,90.0,168.0,0.1,N
4284,2018-06-28,0.0,17.1,94.0,251.0,0.5,N
4308,2018-06-29,0.0,19.4,88.0,37.0,0.0,ESE
4332,2018-06-30,0.0,18.1,94.0,210.0,0.2,WSW
4356,2018-07-01,0.0,17.6,88.0,294.0,0.9,WSW
4380,2018-07-02,0.0,18.3,85.0,350.0,2.9,N
4404,2018-07-03,0.0,16.0,79.0,154.0,5.8,S
4428,2018-07-04,13.8,10.6,92.0,329.0,0.7,N
4452,2018-07-05,0.0,14.5,90.0,164.0,2.7,NW
4476,2018-07-06,0.0,15.7,89.0,138.0,2.7,SSE
4500,2018-07-07,0.0,17.3,82.5,227.5,1.65,SW
4524,2018-07-08,0.0,18.4,85.0,161.0,2.5,SSE
4548,2018-07-09,0.0,15.6,82.0,274.0,0.6,WSW
4572,2018-07-10,0.0,15.2,65.0,236.0,1.4,N
4596,2018-07-11,0.0,15.1,65.0,347.0,0.2,N
4620,2018-07-12,0.0,13.3,69.0,206.0,0.1,SSE
4644,2018-07-13,0.0,12.3,71.0,254.0,1.1,SSE
4668,2018-07-14,0.0,14.5,59.0,343.0,1.7,WNW
4692,2018-07-15,0.0,16.6,92.0,9.0,1.5,N
4716,2018-07-16,0.0,20.4,79.0,215.0,1.2,WNW
4740,2018-07-17,0.0,19.7,90.0,351.0,0.3,W
4764,2018-07-18,0.0,18.8,87.0,360.0,3.3,NNW
4788,2018-07-19,0.0,17.0,93.0,340.0,1.3,NNW
4812,2018-07-20,0.0,16.6,95.0,346.0,3.8,SE
4836,2018-07-21,0.0,16.3,82.0,149.0,2.4,WNW
4860,2018-07-22,0.0,15.1,77.0,285.0,1.4,N
4884,2018-07-23,0.0,18.4,76.0,10.0,1.1,NE
4908,2018-07-24,0.0,16.6,77.0,155.0,2.6,NNW
4932,2018-07-25,1.2,16.5,93.0,169.0,1.7,N
4956,2018-07-26,0.0,17.1,91.0,353.0,0.0,WNW
4980,2018-07-27,0.0,17.1,92.0,335.0,1.3,NNE
5004,2018-07-28,0.0,18.0,89.0,333.0,1.3,N
5028,2018-07-29,0.0,17.5,83.0,157.0,4.3,WSW
5052,2018-07-30,0.0,16.0,72.0,247.0,1.9,WSW
5076,2018-07-31,0.0,15.2,72.0,209.5,1.4500000000000002,SSW
5100,2018-08-01,0.0,14.9,62.0,193.0,1.9,NNW
5124,2018-08-02,0.0,14.8,76.0,255.0,0.1,NNW
5148,2018-08-03,0.2,15.7,94.0,271.0,1.6,WNW
5172,2018-08-04,0.0,15.9,94.0,357.0,1.4,NW
5196,2018-08-05,0.0,16.1,83.0,172.0,1.0,SSE
5220,2018-08-06,0.0,13.0,88.0,274.0,1.6,SE
5244,2018-08-07,0.0,14.1,84.0,279.0,0.7,W
5268,2018-08-08,0.0,18.2,67.0,312.0,1.9,SSE
5292,2018-08-09,0.0,16.5,83.0,149.0,4.0,SSE
5316,2018-08-10,0.0,15.0,53.0,303.0,2.6,SSE
5340,2018-08-11,0.0,15.8,63.0,106.0,0.5,SSE
5364,2018-08-12,0.0,14.5,82.0,251.0,0.2,W
5388,2018-08-13,0.0,16.6,79.0,283.0,2.5,NNW
5412,2018-08-14,0.0,16.4,73.0,274.0,2.9,N
5436,2018-08-15,0.0,17.5,66.0,218.0,1.1,NNW
5460,2018-08-16,0.0,15.9,70.0,175.0,0.8,N
5484,2018-08-17,0.0,17.8,75.0,234.0,0.5,NNW
5508,2018-08-18,0.0,18.3,68.0,355.0,0.7,NNW
5532,2018-08-19,0.0,20.8,69.0,322.0,1.2,W
5556,2018-08-20,0.0,16.7,89.0,155.0,3.6,W
5580,2018-08-21,1.2,12.2,88.0,164.0,3.3,WSW
5604,2018-08-22,0.0,12.5,94.0,323.0,0.1,WSW
5628,2018-08-23,0.0,15.4,91.0,162.0,2.6,W
5652,2018-08-24,0.0,17.2,88.0,4.0,2.6,N
5676,2018-08-25,0.0,18.4,49.0,294.0,2.0,WNW
5700,2018-08-26,0.0,12.5,52.0,206.0,1.4,N
5724,2018-08-27,0.0,13.1,60.0,282.0,1.4,NNW
5748,2018-08-28,0.0,16.8,64.0,328.0,0.2,SSE
5772,2018-08-29,0.0,18.5,84.0,315.0,2.0,WSW
5796,2018-08-30,0.0,18.8,82.0,4.0,3.1,ESE
5820,2018-08-31,0.0,19.8,86.0,186.0,0.9,NNE
5844,2018-09-01,2.0,19.0,92.0,283.0,1.8,NW
5868,2018-09-02,1.0,18.8,93.0,297.0,1.3,N
5892,2018-09-03,0.4,18.2,93.0,329.0,0.2,S
5916,2018-09-04,0.0,19.1,67.0,249.0,2.8,SE
5940,2018-09-05,0.0,17.2,59.0,253.0,2.5,WNW
5964,2018-09-06,0.0,16.8,67.0,277.0,1.8,N
5988,2018-09-07,0.0,19.2,61.0,305.0,3.1,NW
6012,2018-09-08,0.0,19.0,69.0,297.0,1.3,NNE
6036,2018-09-09,0.0,18.5,71.0,133.0,1.0,NNE
6060,2018-09-10,0.0,18.7,73.0,174.0,1.1,SSE
6084,2018-09-11,1.0,17.0,92.0,169.0,3.7,SSE
6108,2018-09-12,1.2,16.6,93.0,251.0,0.1,NW
6132,2018-09-13,0.0,19.1,81.0,15.0,1.7,SSE
6156,2018-09-14,1.0,18.3,93.0,303.0,0.0,SSE
6180,2018-09-15,0.2,17.2,93.0,353.0,0.6,SSE
6204,2018-09-16,0.0,19.6,83.0,242.0,1.4,S
6228,2018-09-17,0.0,18.6,93.0,173.0,0.7,ESE
6252,2018-09-18,0.0,22.4,68.0,270.0,1.4,S
6276,2018-09-19,0.0,20.8,80.0,178.0,1.5,ESE
6300,2018-09-20,0.0,21.7,86.0,144.0,1.8,NE
6324,2018-09-21,0.0,21.7,81.0,136.0,1.3,SSE
6348,2018-09-22,0.0,22.5,76.0,3.0,2.2,N
6372,2018-09-23,0.0,22.9,75.0,5.0,2.3,WNW
6396,2018-09-24,0.0,23.1,74.0,144.0,5.0,ESE
6420,2018-09-25,0.0,22.3,77.0,148.0,2.6,N
6444,2018-09-26,0.0,22.3,79.0,337.0,0.6,NNW
6468,2018-09-27,0.0,22.3,87.0,159.0,2.3,SE
6492,2018-09-28,0.0,21.7,86.0,159.0,1.9,S
6516,2018-09-29,0.0,22.2,84.0,330.0,1.9,SSE
6540,2018-09-30,0.0,21.9,88.0,359.0,2.4,SSW
6564,2018-10-01,0.0,24.9,78.0,32.0,2.5,N
6588,2018-10-02,0.0,22.8,79.0,150.0,3.6,SE
6612,2018-10-03,0.0,20.8,89.0,206.0,1.0,SE
6636,2018-10-04,0.0,20.7,68.0,155.0,2.7,SSE
6660,2018-10-05,0.0,19.6,61.0,168.0,3.7,NW
6684,2018-10-06,0.0,18.5,61.0,163.0,1.5,N
6708,2018-10-07,0.4,18.0,84.0,21.0,0.8,NW
6732,2018-10-08,0.2,20.3,89.0,285.0,0.8,SE
6756,2018-10-09,0.0,24.3,75.0,15.0,2.0,SSE
6780,2018-10-10,0.0,22.5,81.0,149.0,3.2,SW
6804,2018-10-11,0.0,20.7,70.0,156.0,3.1,N
6828,2018-10-12,0.0,20.3,73.0,331.0,1.6,N
6852,2018-10-13,0.0,21.5,87.0,311.0,1.2,NNW
6876,2018-10-14,0.0,18.8,73.0,173.0,1.5,S
6900,2018-10-15,0.0,20.3,72.0,179.0,0.6,SE
6924,2018-10-16,0.2,21.7,83.0,20.0,1.3,N
6948,2018-10-17,0.2,21.5,91.0,345.0,1.4,SE
6972,2018-10-18,0.0,24.6,77.0,43.0,1.5,S
6996,2018-10-19,0.0,22.7,75.0,150.0,5.5,NNW
7020,2018-10-20,0.0,21.4,53.0,165.0,2.5,N
7044,2018-10-21,0.0,19.8,62.0,166.0,1.6,WSW
7068,2018-10-22,0.0,21.5,65.0,10.0,2.2,SSE
7092,2018-10-23,0.0,21.7,79.0,241.0,0.7,NE
7116,2018-10-24,0.0,20.6,65.0,149.0,3.3,SSE
7140,2018-10-25,0.2,19.1,93.0,147.0,1.3,SSE
7164,2018-10-26,0.2,20.9,92.0,10.0,1.0,NNW
7188,2018-10-27,0.0,21.6,85.0,131.0,4.1,N
7212,2018-10-28,0.0,22.2,54.0,190.0,1.7,SE
7236,2018-10-29,0.0,20.9,64.0,290.0,0.7,NNE
7260,2018-10-30,0.0,21.9,69.0,3.0,2.7,N
7284,2018-10-31,8.8,20.0,90.0,238.0,1.1,SSE
7308,2018-11-01,0.0,21.9,82.0,185.0,0.2,SW
7332,2018-11-02,0.0,20.8,70.0,213.0,0.8,SSE
7356,2018-11-03,0.0,22.6,76.0,342.0,2.7,S
7380,2018-11-04,0.0,21.6,74.0,153.0,2.0,SE
7404,2018-11-05,0.0,22.6,65.0,290.0,0.8,SSE
7428,2018-11-06,0.0,24.3,58.0,267.0,1.3,SSE
7452,2018-11-07,0.0,22.5,83.0,74.0,1.4,SSE
7476,2018-11-08,0.0,20.6,69.0,94.0,2.5,S
7500,2018-11-09,0.0,22.8,71.0,59.0,2.9,ESE
7524,2018-11-10,0.0,23.2,85.0,2.0,2.1,NE
7548,2018-11-11,0.0,25.2,73.0,3.0,1.6,WNW
7572,2018-11-12,0.0,26.8,68.0,36.0,2.1,N
7596,2018-11-13,0.0,25.3,74.0,342.0,3.4,N
7620,2018-11-14,0.0,26.7,74.0,338.0,2.5,N
7644,2018-11-15,0.0,25.8,51.0,159.0,3.3,WSW
7668,2018-11-16,0.0,25.6,49.0,135.0,1.8,NNE
7692,2018-11-17,0.0,24.6,55.0,1.0,3.1,SE
7716,2018-11-18,0.0,23.5,73.0,1.0,2.1,SSE
7740,2018-11-19,0.0,22.8,41.0,241.0,2.3,NNE
7764,2018-11-20,0.0,21.7,63.0,137.0,1.8,N
7788,2018-11-21,0.0,23.7,55.0,3.0,2.0,N
7812,2018-11-22,0.0,21.6,87.0,322.0,1.2,N
7836,2018-11-23,0.0,25.3,71.0,359.0,3.2,SSE
7860,2018-11-24,0.0,23.5,86.0,5.0,3.1,SE
7884,2018-11-25,0.0,22.1,79.0,140.0,4.0,SSE
7908,2018-11-26,0.0,23.1,55.0,162.0,1.2,SSE
7932,2018-11-27,0.0,23.4,66.0,169.0,1.0,E
7956,2018-11-28,0.0,24.6,66.0,357.0,2.0,SSE
7980,2018-11-29,0.0,22.5,86.0,335.0,2.1,ESE
8004,2018-11-30,0.0,25.1,79.0,175.0,1.3,E
8028,2018-12-01,0.0,24.2,79.0,142.0,1.5,NNE
8052,2018-12-02,0.0,23.3,66.0,152.0,4.3,NNE
8076,2018-12-03,0.0,18.9,63.0,186.0,2.4,NNE
8100,2018-12-04,0.0,22.5,61.0,19.0,1.6,N
8124,2018-12-05,0.0,23.1,60.0,157.0,1.2,SW
8148,2018-12-06,0.0,22.0,66.0,154.0,2.4,SSE
8172,2018-12-07,0.0,21.3,60.0,161.0,1.0,SE
8196,2018-12-08,0.0,21.1,52.0,139.0,1.4,SE
8220,2018-12-09,0.0,22.7,53.0,355.0,1.5,ENE
8244,2018-12-10,0.0,25.3,59.0,309.0,2.6,NNE
8268,2018-12-11,0.0,26.7,64.0,3.0,2.3,NNW
8292,2018-12-12,0.0,26.9,65.0,15.0,1.8,NNE
8316,2018-12-13,0.0,26.1,68.0,165.0,1.2,SSE
8340,2018-12-14,0.0,27.6,69.0,352.0,2.8,SE
8364,2018-12-15,0.0,29.5,57.0,332.0,2.2,NNW
8388,2018-12-16,0.0,25.3,76.0,154.0,1.7,SE
8412,2018-12-17,0.0,27.0,74.0,2.0,2.6,SE
8436,2018-12-18,0.0,29.5,65.0,64.0,0.6,SSW
8460,2018-12-19,0.0,24.7,77.0,179.0,0.7,NE
8484,2018-12-20,0.0,27.9,69.0,305.0,2.0,SE
8508,2018-12-21,0.0,28.5,63.0,311.0,1.3,SSE
8532,2018-12-22,0.0,27.7,62.0,133.0,1.5,SSE
8556,2018-12-23,0.0,22.8,89.0,229.0,1.1,NE
8580,2018-12-24,0.0,24.5,75.0,199.0,1.3,NNE
8604,2018-12-25,0.0,22.7,86.0,256.0,1.0,NNW
8628,2018-12-26,0.0,23.7,79.0,272.0,0.5,NNW
8652,2018-12-27,0.0,24.1,82.0,133.0,1.0,SSE
8676,2018-12-28,0.0,27.0,65.0,351.0,2.3,WNW
8700,2018-12-29,0.0,27.7,67.0,6.0,2.0,ESE
8724,2018-12-30,0.0,27.6,72.0,6.0,1.5,SSE
8748,2018-12-31,0.0,29.1,72.0,2.0,2.3,N
12,2019-01-01,0.0,28.0,74.0,26.0,1.0,SSE
36,2019-01-02,0.0,28.6,64.0,357.0,2.9,N
60,2019-01-03,0.0,31.1,61.0,6.0,2.0,N
84,2019-01-04,0.0,25.0,86.0,155.0,4.1,SE
108,2019-01-05,0.0,24.3,74.0,159.0,2.7,SSE
132,2019-01-06,0.0,25.6,72.0,125.0,1.2,SSE
156,2019-01-07,0.0,28.0,73.0,337.0,3.0,SSW
180,2019-01-08,0.0,29.8,63.0,125.0,2.7,S
204,2019-01-09,0.0,28.7,63.0,323.0,1.9,S
228,2019-01-10,0.0,29.3,68.0,9.0,2.8,SSE
252,2019-01-11,0.0,27.9,62.0,156.0,1.0,S
276,2019-01-12,0.0,26.8,73.0,196.0,1.2,SSE
300,2019-01-13,0.0,26.4,72.0,312.0,0.8,NNW
324,2019-01-14,0.0,28.2,66.0,332.0,2.1,NW
348,2019-01-15,0.0,29.1,72.0,146.0,1.1,N
372,2019-01-16,0.0,28.2,69.0,349.0,1.4,N
396,2019-01-17,0.0,29.2,66.0,152.0,1.0,NW
420,2019-01-18,0.0,27.0,75.0,142.0,1.0,N
444,2019-01-19,0.0,28.8,66.0,330.0,1.4,ENE
468,2019-01-20,0.0,25.8,70.0,153.0,1.6,N
492,2019-01-21,0.0,27.0,67.0,311.0,0.8,NNE
516,2019-01-22,0.0,27.0,71.0,131.0,1.4,N
540,2019-01-23,0.0,28.4,68.0,6.0,2.0,NNE
564,2019-01-24,20.8,24.8,92.0,29.0,0.8,NNE
588,2019-01-25,1.0,23.8,82.0,282.0,0.7,N
612,2019-01-26,0.0,28.0,74.0,210.0,1.0,NNW
636,2019-01-27,0.0,28.6,64.0,16.0,1.4,SSE
660,2019-01-28,0.0,28.5,69.0,358.0,1.7,SSW
684,2019-01-29,0.0,30.1,68.0,1.0,2.1,SW
708,2019-01-30,0.0,30.6,60.0,303.0,1.3,SSE
732,2019-01-31,0.0,31.2,65.0,156.0,1.0,SE
756,2019-02-01,0.0,29.5,62.0,291.0,0.0,SSE
780,2019-02-02,0.0,26.8,75.0,337.0,1.9,N
804,2019-02-03,0.0,24.0,89.0,162.0,6.0,N
828,2019-02-04,0.0,24.0,68.0,192.0,1.5,NNW
852,2019-02-05,0.0,24.0,64.0,264.0,1.4,N
876,2019-02-06,0.0,24.2,62.0,51.0,0.0,SSE
900,2019-02-07,0.0,25.5,63.0,24.0,1.2,SSE
924,2019-02-08,0.0,26.9,59.0,347.0,1.4,SE
948,2019-02-09,0.0,27.7,69.0,341.0,2.0,SSE
972,2019-02-10,0.0,27.6,67.0,295.0,2.3,SW
996,2019-02-11,0.0,26.8,76.0,353.0,1.5,SSE
1020,2019-02-12,0.0,27.1,77.0,167.0,1.2,SE
1044,2019-02-13,0.0,23.6,67.0,143.0,3.4,NW
1068,2019-02-14,0.0,24.3,61.0,251.0,1.3,SSE
1092,2019-02-15,1.0,20.9,89.0,298.0,1.1,SE
1116,2019-02-16,0.0,22.3,81.0,195.0,1.4,SE
1140,2019-02-17,0.0,23.7,81.0,166.0,2.8,NNE
1164,2019-02-18,0.8,22.1,90.0,185.0,0.9,S
1188,2019-02-19,0.0,25.7,75.0,12.0,1.5,SE
1212,2019-02-20,0.0,25.5,71.0,176.0,1.1,NNE
1236,2019-02-21,0.0,25.5,75.0,260.0,0.7,NNE
1260,2019-02-22,0.0,26.4,68.0,173.0,0.9,NNE
1284,2019-02-23,0.0,28.0,71.0,12.0,1.1,SSE
1308,2019-02-24,0.0,30.3,61.0,33.0,1.4,SSW
1332,2019-02-25,1.2,25.1,83.0,240.0,1.6,WNW
1356,2019-02-26,0.0,23.9,67.0,152.0,1.5,NE
1380,2019-02-27,0.0,22.1,78.0,145.0,3.2,NNW
1404,2019-02-28,0.0,24.4,66.0,51.0,0.2,NNW
1428,2019-03-01,0.0,24.1,68.0,147.0,1.1,ESE
1452,2019-03-02,0.0,26.6,66.0,299.0,2.2,SSW
1476,2019-03-03,0.0,26.7,61.0,289.0,1.1,SE
1500,2019-03-04,0.0,27.8,70.0,8.0,0.8,NNW
1524,2019-03-05,0.0,27.9,67.0,357.0,1.5,N
1548,2019-03-06,0.0,27.6,76.0,331.0,1.6,N
1572,2019-03-07,0.0,26.2,77.0,349.0,3.2,N
1596,2019-03-08,0.0,27.8,66.0,6.0,2.0,SSE
1620,2019-03-09,0.0,26.2,77.0,327.0,0.3,WSW
1644,2019-03-10,0.0,24.0,79.0,173.0,4.1,NNW
1668,2019-03-11,0.2,22.0,79.0,185.0,1.4,SE
1692,2019-03-12,0.0,22.3,86.0,21.0,0.2,S
1716,2019-03-13,0.0,26.8,71.0,46.0,0.8,WSW
1740,2019-03-14,0.0,25.8,76.0,142.0,0.5,SSE
1764,2019-03-15,0.0,24.0,78.0,68.0,0.8,WSW
1788,2019-03-16,0.0,25.8,68.0,235.0,1.0,SSE
1812,2019-03-17,0.0,23.2,82.0,298.0,0.8,N
1836,2019-03-18,0.0,25.7,80.0,96.0,0.4,NNE
1860,2019-03-19,0.0,25.7,77.0,151.0,0.9,W
1884,2019-03-20,0.0,24.8,65.0,229.0,1.3,SW
1908,2019-03-21,0.0,23.4,61.0,212.0,2.4,SSE
1932,2019-03-22,0.0,20.4,72.0,257.0,1.5,NNW
1956,2019-03-23,0.0,23.1,69.0,284.0,2.7,NNW
1980,2019-03-24,0.0,24.3,66.0,305.0,2.4,N
2004,2019-03-25,0.0,24.9,76.0,172.0,1.6,SE
2028,2019-03-26,0.0,22.5,70.0,182.0,1.1,ESE
2052,2019-03-27,0.0,21.7,69.0,284.0,0.9,SSE
2076,2019-03-28,0.0,21.4,80.0,133.0,5.7,SE
2100,2019-03-29,0.0,20.9,91.0,270.0,2.5,NNW
2124,2019-03-30,0.0,24.2,64.0,341.0,1.6,N
2148,2019-03-31,0.0,22.5,73.0,4.0,0.4,SW
2172,2019-04-01,0.0,24.7,75.0,274.0,1.6,SW
2196,2019-04-02,0.0,24.7,70.0,285.0,1.7,SSE
2220,2019-04-03,0.0,25.8,68.0,28.0,1.1,NW
2244,2019-04-04,0.0,26.1,75.0,356.0,2.0,W
2268,2019-04-05,0.0,27.6,77.0,11.0,2.2,ESE
2292,2019-04-06,0.0,22.5,72.0,254.0,1.8,S
2316,2019-04-07,0.6,20.5,92.0,242.0,1.3,NE
2340,2019-04-08,0.0,23.0,73.0,156.0,4.2,NNE
2364,2019-04-09,0.0,21.2,62.0,265.0,1.9,SSE
2388,2019-04-10,0.0,21.5,68.0,304.0,0.9,S
2412,2019-04-11,0.0,24.2,66.0,32.0,0.6,N
2436,2019-04-12,0.0,23.6,71.0,354.0,1.4,E
2460,2019-04-13,0.0,25.1,74.0,12.0,0.5,SE
2484,2019-04-14,0.0,26.2,71.0,206.0,0.3,SSW
2508,2019-04-15,0.0,25.4,70.0,115.0,0.3,SW
2532,2019-04-16,0.0,26.8,63.0,2.0,1.2,ESE
2556,2019-04-17,0.0,22.4,63.0,291.0,2.7,SE
2580,2019-04-18,0.0,23.1,64.0,134.0,1.1,W
2604,2019-04-19,0.0,24.1,66.0,315.0,2.5,NW
2628,2019-04-20,0.0,24.7,67.0,148.0,0.2,S
2652,2019-04-21,0.0,23.8,66.0,341.0,0.3,WNW
2676,2019-04-22,0.0,21.6,86.0,144.0,4.6,WNW
2700,2019-04-23,0.0,22.4,71.0,145.0,2.8,NW
2724,2019-04-24,0.0,22.4,84.0,220.0,0.7,WNW
2748,2019-04-25,0.0,24.2,90.0,159.0,0.8,NNW
2772,2019-04-26,0.0,24.7,82.0,131.0,1.0,NW
2796,2019-04-27,0.0,24.3,81.0,360.0,2.7,N
2820,2019-04-28,0.0,22.5,81.0,299.0,0.3,N
2844,2019-04-29,0.0,20.2,70.0,294.0,1.8,SSE
2868,2019-04-30,0.0,22.6,64.0,352.0,0.9,W
2892,2019-05-01,0.0,21.8,81.0,16.0,0.2,SW
2916,2019-05-02,0.0,23.0,77.0,302.0,1.2,SSE
2940,2019-05-03,0.0,24.4,74.0,9.0,2.2,S
2964,2019-05-04,0.0,25.4,83.0,146.0,0.8,SSE
2988,2019-05-05,0.0,24.2,86.0,283.0,0.8,S
3012,2019-05-06,0.0,24.7,80.0,334.0,1.5,W
3036,2019-05-07,0.0,23.7,61.0,186.0,1.1,WSW
3060,2019-05-08,0.0,20.8,67.0,274.0,0.9,SSE
3084,2019-05-09,0.0,21.3,82.0,347.0,1.7,WSW
3108,2019-05-10,0.0,22.8,79.0,327.0,1.9,N
3132,2019-05-11,0.0,22.6,88.0,310.0,0.7,WNW
3156,2019-05-12,0.0,20.5,82.0,157.0,3.7,WNW
3180,2019-05-13,0.0,20.3,85.0,296.0,1.0,WSW
3204,2019-05-14,0.0,20.7,86.0,91.0,0.0,N
3228,2019-05-15,0.0,20.6,76.0,155.0,3.5,ENE
3252,2019-05-16,0.0,21.6,65.0,168.0,2.4,SSE
3276,2019-05-17,0.0,20.3,69.0,237.0,0.9,W
3300,2019-05-18,0.0,19.9,90.0,270.0,1.1,NW
3324,2019-05-19,0.0,19.4,91.0,259.0,0.4,SW
3348,2019-05-20,0.0,20.2,91.0,286.0,0.5,SSW
3372,2019-05-21,0.0,20.4,89.0,355.0,2.7,W
3396,2019-05-22,0.0,21.2,89.0,249.0,1.2,WSW
3420,2019-05-23,0.0,20.6,91.0,271.0,0.7,ENE
3444,2019-05-24,0.0,19.4,82.0,316.0,0.9,ESE
3468,2019-05-25,0.0,19.8,62.0,217.0,2.4,NE
3492,2019-05-26,0.0,17.9,77.0,20.0,1.3,W
3516,2019-05-27,0.0,19.8,77.0,1.0,1.8,NNE
3540,2019-05-28,2.0,19.8,90.0,349.0,2.2,NNW
3564,2019-05-29,0.0,19.9,88.0,280.0,0.0,NNE
3588,2019-05-30,5.8,18.1,93.0,188.0,1.4,SSE
3612,2019-05-31,0.0,19.4,85.0,173.0,3.2,SSE
3636,2019-06-01,0.0,19.4,88.0,271.0,0.8,W
3660,2019-06-02,0.4,19.0,92.0,262.0,1.1,WSW
3684,2019-06-03,0.4,18.3,90.0,162.0,0.8,SSE
3708,2019-06-04,0.0,17.7,60.0,43.0,1.2,W
3732,2019-06-05,0.0,15.8,74.0,239.0,0.4,N
3756,2019-06-06,0.0,18.7,81.0,39.0,0.0,WNW
3780,2019-06-07,0.0,20.2,76.0,321.0,1.6,S
3804,2019-06-08,0.0,18.0,88.0,308.0,0.1,WSW
3828,2019-06-09,0.0,20.4,85.0,87.0,0.1,W
3852,2019-06-10,0.2,19.6,81.0,352.0,0.5,NW
3876,2019-06-11,0.0,19.9,79.0,8.0,0.1,WNW
3900,2019-06-12,0.0,17.9,93.0,285.0,0.0,W
3924,2019-06-13,0.0,20.9,81.0,347.0,0.9,N
3948,2019-06-14,0.0,20.9,78.0,4.0,1.6,W
3972,2019-06-15,0.0,20.6,87.0,8.0,0.9,WNW
3996,2019-06-16,0.0,19.5,91.0,353.0,2.1,NNW
4020,2019-06-17,0.0,20.5,82.0,277.0,0.5,N
4044,2019-06-18,0.0,19.5,89.0,170.0,0.1,SSE
4068,2019-06-19,0.0,20.5,73.0,346.0,3.3,WSW
4092,2019-06-20,0.0,16.3,87.0,264.0,1.2,W
4116,2019-06-21,0.0,18.4,73.0,233.0,0.3,NNW
4140,2019-06-22,0.0,19.0,76.0,272.0,0.1,NW
4164,2019-06-23,0.0,16.8,93.0,299.0,0.0,SSW
4188,2019-06-24,0.0,18.7,91.0,338.0,0.2,NNW
4212,2019-06-25,0.0,20.3,77.0,264.0,0.7,SE
4236,2019-06-26,0.0,15.1,89.0,149.0,5.2,SSE
4260,2019-06-27,0.0,14.3,80.0,259.0,1.2,N
4284,2019-06-28,0.0,17.4,85.0,301.0,0.4,N
4308,2019-06-29,0.0,21.6,76.0,15.0,1.6,ESE
4332,2019-06-30,0.0,24.4,63.0,16.0,1.1,WSW
4356,2019-07-01,0.2,16.5,86.0,157.0,5.3,WSW
4380,2019-07-02,1.8,13.9,90.0,118.0,1.3,N
4404,2019-07-03,0.2,16.7,91.0,196.0,0.7,S
4428,2019-07-04,0.0,13.0,81.0,235.0,0.9,N
4452,2019-07-05,0.0,11.1,74.0,264.0,0.9,NW
4476,2019-07-06,0.0,11.6,48.0,106.0,0.3,SSE
4500,2019-07-07,0.0,17.3,82.5,227.5,1.65,SW
4524,2019-07-08,0.2,11.5,87.0,323.0,0.2,SSE
4548,2019-07-09,0.0,13.2,89.0,319.0,0.5,WSW
4572,2019-07-10,0.0,15.3,85.0,216.0,0.0,N
4596,2019-07-11,0.0,13.1,94.0,281.0,0.1,N
4620,2019-07-12,0.0,16.1,72.0,4.0,1.7,SSE
4644,2019-07-13,0.0,17.0,83.0,7.0,1.2,SSE
4668,2019-07-14,0.0,17.7,88.0,339.0,0.4,WNW
4692,2019-07-15,0.6,15.0,90.0,210.0,0.9,N
4716,2019-07-16,0.0,15.1,53.0,227.0,1.3,WNW
4740,2019-07-17,0.0,13.8,75.0,324.0,0.0,W
4764,2019-07-18,0.4,15.2,93.0,295.0,1.1,NNW
4788,2019-07-19,0.0,17.8,94.0,277.0,0.0,NNW
4812,2019-07-20,0.0,16.9,85.0,352.0,1.3,SE
4836,2019-07-21,0.0,17.3,85.0,144.0,0.4,WNW
4860,2019-07-22,0.0,18.4,83.0,357.0,2.9,N
4884,2019-07-23,0.0,18.6,81.0,354.0,3.3,NE
4908,2019-07-24,0.0,18.9,90.0,354.0,1.1,NNW
4932,2019-07-25,0.0,19.6,88.0,147.0,0.4,N
4956,2019-07-26,0.0,19.3,89.0,359.0,2.1,WNW
4980,2019-07-27,0.0,17.0,86.0,153.0,4.6,NNE
5004,2019-07-28,0.0,15.5,75.0,159.0,3.6,N
5028,2019-07-29,0.0,18.1,79.0,17.0,1.3,WSW
5052,2019-07-30,0.0,18.4,84.0,240.0,0.3,WSW
5076,2019-07-31,0.0,15.2,72.0,209.5,1.4500000000000002,SSW
5100,2019-08-01,0.0,19.2,76.0,331.0,3.1,NNW
5124,2019-08-02,0.4,15.7,76.0,161.0,7.0,NNW
5148,2019-08-03,0.0,9.8,69.0,283.0,1.7,WNW
5172,2019-08-04,0.0,10.5,61.0,5.0,0.9,NW
5196,2019-08-05,0.0,12.7,70.0,355.0,0.9,SSE
5220,2019-08-06,0.0,19.3,75.0,345.0,1.5,SE
5244,2019-08-07,0.0,19.8,76.0,356.0,2.5,W
5268,2019-08-08,0.0,19.0,87.0,348.0,2.1,SSE
5292,2019-08-09,0.0,18.9,91.0,4.0,1.6,SSE
5316,2019-08-10,0.0,20.9,83.0,300.0,0.4,SSE
5340,2019-08-11,0.0,16.5,70.0,148.0,3.8,SSE
5364,2019-08-12,0.0,19.0,73.0,354.0,2.5,W
5388,2019-08-13,0.2,16.8,64.0,157.0,4.0,NNW
5412,2019-08-14,0.0,11.7,45.0,298.0,1.5,N
5436,2019-08-15,0.0,14.6,70.0,36.0,0.6,NNW
5460,2019-08-16,0.0,17.7,70.0,343.0,2.7,N
5484,2019-08-17,0.0,17.7,79.0,360.0,3.0,NNW
5508,2019-08-18,0.0,21.2,68.0,162.0,2.4,NNW
5532,2019-08-19,0.0,13.3,74.0,171.0,4.0,W
5556,2019-08-20,0.0,13.7,74.0,152.0,2.6,W
5580,2019-08-21,0.0,13.5,79.0,148.0,3.3,WSW
5604,2019-08-22,0.0,15.2,68.0,260.0,1.2,WSW
5628,2019-08-23,0.0,17.1,78.0,360.0,1.2,W
5652,2019-08-24,0.0,15.1,67.0,261.0,1.2,N
5676,2019-08-25,0.0,14.9,74.0,55.0,0.5,WNW
5700,2019-08-26,0.0,18.4,78.0,1.0,1.2,N
5724,2019-08-27,0.0,18.9,78.0,285.0,1.6,NNW
5748,2019-08-28,0.0,19.3,87.0,18.0,1.2,SSE
5772,2019-08-29,0.0,19.0,82.0,350.0,2.3,WSW
5796,2019-08-30,0.0,18.9,78.0,4.0,3.7,ESE
5820,2019-08-31,0.0,19.0,82.0,171.0,0.9,NNE
5844,2019-09-01,0.2,15.7,90.0,220.0,1.2,NW
5868,2019-09-02,0.0,16.4,65.0,166.0,2.9,N
5892,2019-09-03,0.0,16.9,73.0,185.0,1.3,S
5916,2019-09-04,0.0,15.6,75.0,157.0,4.2,SE
5940,2019-09-05,0.0,13.6,60.0,168.0,4.0,WNW
5964,2019-09-06,0.0,14.5,78.0,305.0,0.9,N
5988,2019-09-07,0.0,17.7,87.0,349.0,1.0,NW
6012,2019-09-08,0.0,19.1,84.0,357.0,3.5,NNE
6036,2019-09-09,0.0,17.6,95.0,356.0,1.5,NNE
6060,2019-09-10,0.0,21.0,81.0,98.0,1.3,SSE
6084,2019-09-11,0.0,19.9,80.0,352.0,1.8,SSE
6108,2019-09-12,0.0,19.4,87.0,63.0,0.4,NW
6132,2019-09-13,0.0,18.7,69.0,160.0,4.1,SSE
6156,2019-09-14,0.0,17.7,82.0,150.0,0.4,SSE
6180,2019-09-15,0.0,20.8,79.0,353.0,3.3,SSE
6204,2019-09-16,0.0,22.0,80.0,354.0,3.0,S
6228,2019-09-17,0.0,21.1,81.0,158.0,3.8,ESE
6252,2019-09-18,0.0,18.9,89.0,155.0,3.6,S
6276,2019-09-19,0.0,17.4,90.0,353.0,0.1,ESE
6300,2019-09-20,0.0,20.1,65.0,143.0,5.0,NE
6324,2019-09-21,0.0,16.0,85.0,150.0,4.6,SSE
6348,2019-09-22,0.0,18.8,69.0,180.0,1.3,N
6372,2019-09-23,0.0,16.3,54.0,231.0,1.5,WNW
6396,2019-09-24,0.0,17.5,72.0,334.0,0.8,ESE
6420,2019-09-25,0.0,19.8,72.0,144.0,0.9,N
6444,2019-09-26,0.0,21.1,63.0,246.0,0.8,NNW
6468,2019-09-27,0.0,19.9,71.0,164.0,3.7,SE
6492,2019-09-28,0.0,17.6,62.0,111.0,1.1,S
6516,2019-09-29,0.0,20.2,63.0,293.0,2.3,SSE
6540,2019-09-30,0.0,20.5,79.0,344.0,3.3,SSW
6564,2019-10-01,0.0,21.2,76.0,343.0,4.4,N
6588,2019-10-02,0.0,21.8,80.0,13.0,2.4,SE
6612,2019-10-03,0.0,20.6,85.0,152.0,4.1,SE
6636,2019-10-04,0.0,21.7,79.0,336.0,1.5,SSE
6660,2019-10-05,0.0,23.4,68.0,13.0,1.0,NW
6684,2019-10-06,3.0,17.1,89.0,14.0,0.2,N
6708,2019-10-07,0.0,18.8,82.0,185.0,0.4,NW
6732,2019-10-08,0.0,22.2,68.0,26.0,1.3,SE
6756,2019-10-09,0.0,21.1,72.0,136.0,1.7,SSE
6780,2019-10-10,0.0,22.7,62.0,6.0,2.2,SW
6804,2019-10-11,0.0,23.2,69.0,3.0,2.5,N
6828,2019-10-12,0.0,23.1,78.0,357.0,2.7,N
6852,2019-10-13,0.0,22.0,89.0,359.0,3.8,NNW
6876,2019-10-14,0.0,22.5,86.0,149.0,4.0,S
6900,2019-10-15,0.0,17.1,82.0,166.0,4.5,SE
6924,2019-10-16,0.6,18.3,92.0,247.0,1.8,N
6948,2019-10-17,0.0,22.1,87.0,10.0,2.3,SE
6972,2019-10-18,0.0,23.5,80.0,11.0,1.3,S
6996,2019-10-19,0.0,21.5,62.0,153.0,5.1,NNW
7020,2019-10-20,0.0,18.5,60.0,289.0,1.4,N
7044,2019-10-21,0.0,17.6,82.0,298.0,1.8,WSW
7068,2019-10-22,0.0,21.8,71.0,158.0,1.3,SSE
7092,2019-10-23,0.0,20.5,74.0,170.0,2.4,NE
7116,2019-10-24,0.0,23.4,70.0,344.0,1.0,SSE
7140,2019-10-25,0.0,24.3,75.0,255.0,1.3,SSE
7164,2019-10-26,0.0,21.4,79.0,206.0,1.3,NNW
7188,2019-10-27,0.0,22.7,90.0,335.0,2.2,N
7212,2019-10-28,0.0,20.6,88.0,283.0,1.9,SE
7236,2019-10-29,0.0,25.7,70.0,188.0,3.2,NNE
7260,2019-10-30,0.0,27.7,58.0,339.0,1.1,N
7284,2019-10-31,0.0,22.8,79.0,291.0,2.6,SSE
7308,2019-11-01,0.0,22.3,86.0,115.0,3.1,SW
7332,2019-11-02,0.0,22.9,88.0,2.0,2.4,SSE
7356,2019-11-03,0.0,26.6,74.0,21.0,2.0,S
7380,2019-11-04,0.0,22.7,74.0,326.0,0.9,SE
7404,2019-11-05,0.0,22.9,90.0,345.0,2.0,SSE
7428,2019-11-06,0.0,23.0,58.0,174.0,1.8,SSE
7452,2019-11-07,0.0,21.8,73.0,326.0,1.9,SSE
7476,2019-11-08,0.0,23.4,69.0,138.0,1.4,S
7500,2019-11-09,0.0,22.3,83.0,110.0,1.1,ESE
7524,2019-11-10,0.0,23.3,81.0,7.0,1.0,NE
7548,2019-11-11,0.0,20.3,89.0,146.0,3.3,WNW
7572,2019-11-12,0.0,24.1,65.0,56.0,2.7,N
7596,2019-11-13,0.0,22.1,77.0,348.0,1.9,N
7620,2019-11-14,0.0,22.3,91.0,19.0,2.3,N
7644,2019-11-15,0.0,23.4,59.0,132.0,1.6,WSW
7668,2019-11-16,0.0,21.7,58.0,138.0,1.7,NNE
7692,2019-11-17,0.0,21.5,63.0,135.0,1.3,SE
7716,2019-11-18,0.0,23.6,58.0,269.0,1.6,SSE
7740,2019-11-19,0.0,24.3,60.0,284.0,2.3,NNE
7764,2019-11-20,0.0,25.5,68.0,29.0,2.1,N
7788,2019-11-21,0.0,26.8,61.0,346.0,3.0,N
7812,2019-11-22,0.0,26.8,61.0,349.0,3.0,N
7836,2019-11-23,0.0,26.0,61.0,148.0,0.6,SSE
7860,2019-11-24,0.0,21.3,53.0,141.0,1.7,SE
7884,2019-11-25,0.0,24.2,47.0,46.0,2.3,SSE
7908,2019-11-26,0.0,22.6,59.0,342.0,3.7,SSE
7932,2019-11-27,0.0,22.3,79.0,327.0,1.9,E
7956,2019-11-28,0.0,23.3,61.0,152.0,4.1,SSE
7980,2019-11-29,0.0,23.6,51.0,352.0,2.1,ESE
8004,2019-11-30,0.0,25.2,57.0,16.0,2.5,E
8028,2019-12-01,0.0,24.3,77.0,124.0,1.4,NNE
8052,2019-12-02,0.0,21.6,55.0,155.0,3.1,NNE
8076,2019-12-03,0.0,22.3,49.0,137.0,1.7,NNE
8100,2019-12-04,0.2,20.9,68.0,319.0,3.0,N
8124,2019-12-05,0.0,25.3,68.0,7.0,3.2,SW
8148,2019-12-06,0.0,22.7,56.0,163.0,1.5,SSE
8172,2019-12-07,0.0,24.9,52.0,117.0,1.5,SE
8196,2019-12-08,0.0,25.5,53.0,10.0,1.5,SE
8220,2019-12-09,0.0,22.3,61.0,313.0,1.9,ENE
8244,2019-12-10,0.0,25.5,62.0,133.0,1.3,NNE
8268,2019-12-11,0.0,26.8,67.0,11.0,1.0,NNW
8292,2019-12-12,0.0,28.4,62.0,17.0,2.3,NNE
8316,2019-12-13,0.0,24.3,58.0,162.0,5.3,SSE
8340,2019-12-14,0.0,22.7,72.0,294.0,1.4,SE
8364,2019-12-15,0.0,24.3,83.0,10.0,2.7,NNW
8388,2019-12-16,0.0,25.4,76.0,13.0,2.0,SE
8412,2019-12-17,0.0,23.1,72.0,133.0,3.4,SE
8436,2019-12-18,0.0,21.6,74.0,244.0,1.1,SSW
8460,2019-12-19,0.0,23.6,69.0,142.0,1.5,NE
8484,2019-12-20,0.0,25.7,64.0,3.0,2.6,SE
8508,2019-12-21,0.0,26.8,67.0,352.0,2.6,SSE
8532,2019-12-22,0.0,25.8,71.0,43.0,0.5,SSE
8556,2019-12-23,0.0,25.1,54.0,133.0,1.6,NE
8580,2019-12-24,0.0,26.0,58.0,352.0,1.9,NNE
8604,2019-12-25,0.0,28.2,62.0,6.0,2.0,NNW
8628,2019-12-26,0.0,28.1,64.0,12.0,2.3,NNW
8652,2019-12-27,0.0,27.3,63.0,21.0,2.2,SSE
8676,2019-12-28,0.0,28.1,61.0,7.0,2.3,WNW
8700,2019-12-29,0.0,28.7,56.0,351.0,3.3,ESE
8724,2019-12-30,0.0,29.1,52.0,326.0,2.3,SSE
8748,2019-12-31,0.0,27.7,61.0,336.0,2.3,N
12,2020-01-01,0.0,27.3,71.0,358.0,2.6,SSE
36,2020-01-02,0.0,25.4,78.0,156.0,4.9,N
60,2020-01-03,0.0,24.7,74.0,155.0,3.8,N
84,2020-01-04,0.2,24.8,74.0,120.0,4.2,SE
108,2020-01-05,0.0,25.2,71.0,125.0,1.7,SSE
132,2020-01-06,0.0,25.8,70.0,343.0,1.8,SSE
156,2020-01-07,0.0,29.4,63.0,45.0,2.1,SSW
180,2020-01-08,0.0,24.9,81.0,154.0,2.4,S
204,2020-01-09,0.0,28.4,65.0,20.0,2.3,S
228,2020-01-10,0.0,29.5,65.0,4.0,2.2,SSE
252,2020-01-11,0.0,28.7,72.0,31.0,1.5,S
276,2020-01-12,0.0,27.2,67.0,167.0,2.0,SSE
300,2020-01-13,0.0,25.6,63.0,135.0,1.7,NNW
324,2020-01-14,0.0,27.1,58.0,320.0,1.7,NW
348,2020-01-15,0.0,28.1,53.0,351.0,3.2,N
372,2020-01-16,0.0,28.0,73.0,132.0,2.0,N
396,2020-01-17,0.0,23.5,54.0,182.0,2.1,NW
420,2020-01-18,0.0,23.3,62.0,271.0,1.0,N
444,2020-01-19,0.0,26.6,60.0,337.0,1.4,ENE
468,2020-01-20,0.0,26.8,64.0,331.0,2.0,N
492,2020-01-21,0.0,26.4,62.0,10.0,2.1,NNE
516,2020-01-22,0.0,23.1,83.0,267.0,0.0,N
540,2020-01-23,0.0,21.6,88.0,199.0,1.8,NNE
564,2020-01-24,0.0,22.9,80.0,169.0,1.8,NNE
588,2020-01-25,0.0,25.8,56.0,173.0,0.7,N
612,2020-01-26,0.0,26.7,61.0,2.0,1.4,NNW
636,2020-01-27,0.0,27.3,67.0,343.0,2.6,SSE
660,2020-01-28,0.0,26.0,73.0,151.0,1.2,SSW
684,2020-01-29,0.0,26.8,70.0,354.0,2.2,SW
708,2020-01-30,0.0,26.1,79.0,304.0,1.1,SSE
732,2020-01-31,0.0,26.0,78.0,167.0,1.7,SE
756,2020-02-01,0.0,26.1,65.0,162.0,1.8,SSE
780,2020-02-02,0.0,25.8,72.0,157.0,1.6,N
804,2020-02-03,0.0,25.6,75.0,176.0,2.1,N
828,2020-02-04,1.6,22.1,88.0,238.0,1.6,NNW
852,2020-02-05,0.0,24.8,84.0,219.0,1.4,N
876,2020-02-06,0.0,26.4,81.0,126.0,1.6,SSE
900,2020-02-07,0.4,26.6,79.0,49.0,1.6,SSE
924,2020-02-08,0.0,27.6,71.0,3.0,2.4,SE
948,2020-02-09,0.0,28.2,74.0,166.0,1.7,SSE
972,2020-02-10,0.0,24.3,63.0,168.0,2.8,SW
996,2020-02-11,0.0,24.7,64.0,182.0,1.4,SSE
1020,2020-02-12,0.0,25.2,65.0,227.0,1.4,SE
1044,2020-02-13,0.0,23.7,70.0,236.0,0.8,NW
1068,2020-02-14,0.0,26.1,60.0,322.0,1.5,SSE
1092,2020-02-15,0.0,25.4,72.0,332.0,0.9,SE
1116,2020-02-16,0.0,27.6,69.0,1.0,2.2,SE
1140,2020-02-17,0.0,28.4,67.0,352.0,2.0,NNE
1164,2020-02-18,0.0,29.1,64.0,357.0,2.8,S
1188,2020-02-19,0.0,27.3,73.0,184.0,1.3,SE
1212,2020-02-20,0.0,27.3,69.0,189.0,1.0,NNE
1236,2020-02-21,0.0,23.0,71.0,162.0,4.7,NNE
1260,2020-02-22,0.0,21.5,54.0,102.0,1.7,NNE
1284,2020-02-23,0.0,21.6,60.0,123.0,1.2,SSE
1308,2020-02-24,0.0,24.9,61.0,346.0,2.0,SSW
1332,2020-02-25,0.0,25.2,77.0,12.0,1.4,WNW
1356,2020-02-26,10.6,20.9,92.0,312.0,0.5,NE
1380,2020-02-27,0.0,22.3,58.0,133.0,1.5,NNW
1404,2020-02-28,0.0,23.6,59.0,165.0,0.9,NNW
1428,2020-02-29,0.0,23.7,68.0,142.0,1.5,ESE
1452,2020-03-01,0.0,24.5,64.0,175.0,1.5,SSW
1476,2020-03-02,0.0,23.3,77.0,179.0,2.2,SE
1500,2020-03-03,0.0,21.6,87.0,310.0,0.9,NNW
1524,2020-03-04,0.0,24.5,62.0,177.0,0.6,N
1548,2020-03-05,0.0,25.4,59.0,191.0,1.6,N
1572,2020-03-06,0.0,22.4,68.0,170.0,0.9,N
1596,2020-03-07,0.0,24.0,66.0,273.0,1.2,SSE
1620,2020-03-08,0.0,25.8,66.0,14.0,1.5,WSW
1644,2020-03-09,0.0,25.7,60.0,360.0,2.6,NNW
1668,2020-03-10,0.0,26.4,64.0,286.0,1.7,SE
1692,2020-03-11,0.0,26.4,65.0,268.0,1.0,S
1716,2020-03-12,0.0,26.5,62.0,310.0,2.6,WSW
1740,2020-03-13,0.0,26.5,65.0,357.0,2.4,SSE
1764,2020-03-14,0.0,26.8,61.0,311.0,2.3,WSW
1788,2020-03-15,0.0,28.3,58.0,325.0,2.5,SSE
1812,2020-03-16,0.0,26.0,75.0,159.0,1.1,N
1836,2020-03-17,0.0,23.8,84.0,152.0,3.6,NNE
1860,2020-03-18,0.0,25.8,77.0,360.0,1.6,W
1884,2020-03-19,0.0,27.8,66.0,161.0,0.9,SW
1908,2020-03-20,0.0,25.8,70.0,145.0,2.4,SSE
1932,2020-03-21,0.0,24.1,62.0,136.0,1.2,NNW
1956,2020-03-22,0.0,23.1,78.0,295.0,0.8,NNW
1980,2020-03-23,0.0,26.2,63.0,231.0,0.5,N
2004,2020-03-24,0.0,24.1,70.0,174.0,1.3,SE
2028,2020-03-25,0.0,24.5,68.0,174.0,1.2,ESE
2052,2020-03-26,0.0,25.5,58.0,287.0,1.8,SSE
2076,2020-03-27,0.0,25.3,70.0,122.0,0.5,SE
2100,2020-03-28,0.0,23.3,72.0,268.0,0.7,NNW
2124,2020-03-29,0.0,24.8,73.0,286.0,1.5,N
2148,2020-03-30,0.0,26.6,68.0,10.0,1.9,SW
2172,2020-03-31,0.0,27.4,67.0,25.0,1.2,SW
2196,2020-04-01,0.0,24.6,79.0,296.0,1.1,SSE
2220,2020-04-02,0.0,25.9,71.0,350.0,3.8,NW
2244,2020-04-03,0.0,22.5,40.0,268.0,2.5,W
2268,2020-04-04,0.0,23.8,43.0,236.0,2.6,ESE
2292,2020-04-05,0.0,23.9,58.0,45.0,1.4,S
2316,2020-04-06,0.0,25.2,63.0,3.0,2.8,NE
2340,2020-04-07,0.0,21.5,73.0,157.0,4.4,NNE
2364,2020-04-08,0.0,19.5,45.0,236.0,1.8,SSE
2388,2020-04-09,0.0,19.8,53.0,110.0,0.6,S
2412,2020-04-10,0.0,21.4,50.0,228.0,0.9,N
2436,2020-04-11,0.0,19.8,57.0,139.0,1.3,E
2460,2020-04-12,0.0,20.7,62.0,146.0,1.3,SE
2484,2020-04-13,0.0,22.8,66.0,246.0,1.3,SSW
2508,2020-04-14,0.0,20.3,79.0,317.0,2.8,SW
2532,2020-04-15,0.0,19.1,45.0,291.0,1.9,ESE
2556,2020-04-16,0.0,20.4,37.0,268.0,1.0,SE
2580,2020-04-17,0.0,20.5,58.0,18.0,0.5,W
2604,2020-04-18,0.0,19.8,76.0,262.0,2.3,NW
2628,2020-04-19,0.0,21.8,64.0,344.0,0.5,S
2652,2020-04-20,0.0,22.1,65.0,221.0,0.6,WNW
2676,2020-04-21,0.0,23.9,60.0,332.0,0.8,WNW
2700,2020-04-22,0.0,23.0,66.0,261.0,1.1,NW
2724,2020-04-23,0.0,23.3,66.0,347.0,0.4,WNW
2748,2020-04-24,0.0,22.8,67.0,273.0,1.9,NNW
2772,2020-04-25,0.0,24.3,72.0,335.0,2.6,NW
2796,2020-04-26,0.0,23.4,72.0,222.0,1.2,N
2820,2020-04-27,0.0,23.9,74.0,160.0,2.1,N
2844,2020-04-28,0.0,22.7,85.0,8.0,1.1,SSE
2868,2020-04-29,0.0,24.4,72.0,7.0,1.7,W
2892,2020-04-30,0.0,22.6,81.0,248.0,0.6,SW
2916,2020-05-01,0.0,21.2,67.0,171.0,1.8,SSE
2940,2020-05-02,0.0,20.6,62.0,169.0,1.2,S
2964,2020-05-03,0.0,19.9,59.0,257.0,0.9,SSE
2988,2020-05-04,0.0,19.9,68.0,330.0,1.0,S
3012,2020-05-05,0.0,20.2,72.0,356.0,2.0,W
3036,2020-05-06,0.2,18.3,81.0,153.0,4.9,WSW
3060,2020-05-07,0.0,19.6,45.0,244.0,0.5,SSE
3084,2020-05-08,0.0,18.5,62.0,346.0,0.2,WSW
3108,2020-05-09,0.0,20.3,64.0,283.0,0.4,N
3132,2020-05-10,0.0,21.5,67.0,1.0,2.7,WNW
3156,2020-05-11,0.0,23.1,61.0,3.0,2.2,WNW
3180,2020-05-12,0.0,22.1,70.0,29.0,0.1,WSW
3204,2020-05-13,0.0,20.7,88.0,299.0,1.4,N
3228,2020-05-14,0.0,19.3,65.0,160.0,3.2,ENE
3252,2020-05-15,0.0,16.5,61.0,252.0,0.9,SSE
3276,2020-05-16,0.0,18.7,69.0,192.0,1.4,W
3300,2020-05-17,0.0,18.6,66.0,118.0,0.0,NW
3324,2020-05-18,0.0,19.8,59.0,255.0,0.9,SW
3348,2020-05-19,0.0,20.4,65.0,355.0,0.0,SSW
3372,2020-05-20,0.2,22.0,79.0,334.0,1.9,W
3396,2020-05-21,0.0,23.4,75.0,350.0,2.4,WSW
3420,2020-05-22,3.8,20.5,90.0,271.0,1.8,ENE
3444,2020-05-23,0.0,22.4,69.0,10.0,1.8,ESE
3468,2020-05-24,0.0,20.2,56.0,129.0,0.6,NE
3492,2020-05-25,0.0,19.1,47.0,266.0,2.4,W
3516,2020-05-26,0.0,16.9,50.0,178.0,0.8,NNE
3540,2020-05-27,0.0,15.1,56.0,263.0,2.0,NNW
3564,2020-05-28,0.0,16.4,79.0,240.0,0.4,NNE
3588,2020-05-29,0.0,17.7,69.0,357.0,2.7,SSE
3612,2020-05-30,0.0,17.0,79.0,256.0,0.8,SSE
3636,2020-05-31,0.0,17.7,74.0,302.0,0.3,W
3660,2020-06-01,0.0,17.4,76.0,151.0,3.5,WSW
3684,2020-06-02,0.0,16.1,60.0,200.0,1.0,SSE
3708,2020-06-03,0.0,16.3,67.0,172.0,1.0,W
3732,2020-06-04,0.0,18.6,69.0,185.0,0.4,N
3756,2020-06-05,0.2,18.0,90.0,249.0,0.6,WNW
3780,2020-06-06,0.0,21.2,90.0,21.0,1.5,S
3804,2020-06-07,0.0,19.9,61.0,176.0,0.7,WSW
3828,2020-06-08,0.0,17.3,69.0,153.0,0.0,W
3852,2020-06-09,0.0,21.1,71.0,9.0,0.7,NW
3876,2020-06-10,0.0,18.5,88.0,158.0,0.8,WNW
3900,2020-06-11,0.0,21.3,84.0,360.0,2.2,W
3924,2020-06-12,0.0,20.2,92.0,2.0,2.5,N
3948,2020-06-13,0.0,22.9,78.0,338.0,1.0,W
3972,2020-06-14,0.0,14.3,63.0,156.0,4.5,WNW
3996,2020-06-15,0.0,15.7,71.0,7.0,0.6,NNW
4020,2020-06-16,0.0,18.3,92.0,337.0,0.1,N
4044,2020-06-17,0.0,20.8,84.0,360.0,1.9,SSE
4068,2020-06-18,0.0,21.2,80.0,343.0,2.6,WSW
4092,2020-06-19,0.0,24.5,64.0,312.0,0.7,W
4116,2020-06-20,0.0,24.5,62.0,4.0,1.7,NNW
4140,2020-06-21,0.0,24.0,64.0,328.0,1.0,NW
4164,2020-06-22,0.0,21.7,75.0,139.0,5.2,SSW
4188,2020-06-23,0.0,19.7,87.0,354.0,1.3,NNW
4212,2020-06-24,0.0,21.1,68.0,356.0,2.4,SE
4236,2020-06-25,0.0,23.7,54.0,347.0,2.4,SSE
4260,2020-06-26,0.0,15.1,61.0,160.0,3.0,N
4284,2020-06-27,0.2,12.3,80.0,178.0,2.7,N
4308,2020-06-28,0.0,14.3,76.0,217.0,0.6,ESE
4332,2020-06-29,0.0,15.1,79.0,210.0,0.4,WSW
4356,2020-06-30,0.0,20.1,81.0,342.0,2.2,WSW
4380,2020-07-01,0.0,17.2,39.0,271.0,6.8,N
4404,2020-07-02,0.0,12.8,66.0,230.0,0.3,S
4428,2020-07-03,0.0,10.8,75.0,265.0,1.5,N
4452,2020-07-04,0.0,14.8,66.0,313.0,2.4,NW
4476,2020-07-05,0.0,17.1,82.0,333.0,0.8,SSE
4500,2020-07-06,0.0,17.3,82.5,227.5,1.65,SW
4524,2020-07-07,3.0,14.8,93.0,179.0,0.5,SSE
4548,2020-07-08,0.0,17.4,91.0,269.0,1.0,WSW
4572,2020-07-09,0.0,14.8,61.0,126.0,0.5,N
4596,2020-07-10,0.0,14.2,71.0,283.0,0.3,N
4620,2020-07-11,0.2,16.4,85.0,286.0,1.8,SSE
4644,2020-07-12,0.0,21.5,69.0,345.0,1.5,SSE
4668,2020-07-13,0.0,15.9,90.0,149.0,2.6,WNW
4692,2020-07-14,0.0,13.3,69.0,155.0,3.5,N
4716,2020-07-15,0.0,12.6,71.0,227.0,1.3,WNW
4740,2020-07-16,0.0,11.9,83.0,259.0,1.5,W
4764,2020-07-17,0.0,18.7,75.0,105.0,0.4,NNW
4788,2020-07-18,0.0,19.5,77.0,352.0,2.6,NNW
4812,2020-07-19,0.0,20.4,77.0,12.0,1.3,SE
4836,2020-07-20,0.0,19.2,83.0,357.0,1.9,WNW
4860,2020-07-21,0.0,19.1,80.0,13.0,0.9,N
4884,2020-07-22,0.0,20.6,67.0,6.0,0.4,NE
4908,2020-07-23,0.0,20.5,77.0,323.0,0.0,NNW
4932,2020-07-24,0.0,19.7,80.0,353.0,2.5,N
4956,2020-07-25,0.0,18.3,87.0,164.0,3.4,WNW
4980,2020-07-26,0.0,14.3,79.0,264.0,1.4,NNE
5004,2020-07-27,0.0,18.5,71.0,5.0,2.7,N
5028,2020-07-28,0.0,17.5,87.0,153.0,5.1,WSW
5052,2020-07-29,0.0,12.0,68.0,164.0,3.2,WSW
5076,2020-07-30,0.0,15.2,72.0,209.5,1.4500000000000002,SSW
5100,2020-07-31,0.0,14.8,91.0,78.0,0.3,NNW
5124,2020-08-01,0.0,18.8,67.0,301.0,1.4,NNW
5148,2020-08-02,0.0,17.5,85.0,18.0,0.9,WNW
5172,2020-08-03,0.0,18.2,90.0,319.0,0.0,NW
5196,2020-08-04,0.0,18.5,67.0,289.0,1.4,SSE
5220,2020-08-05,0.0,19.8,74.0,348.0,2.6,SE
5244,2020-08-06,0.0,19.4,74.0,354.0,1.9,W
5268,2020-08-07,0.0,19.9,69.0,332.0,0.9,SSE
5292,2020-08-08,0.0,17.6,92.0,16.0,0.2,SSE
5316,2020-08-09,0.0,18.7,68.0,284.0,1.3,SSE
5340,2020-08-10,0.0,19.8,75.0,354.0,2.0,SSE
5364,2020-08-11,0.0,19.0,79.0,147.0,6.6,W
5388,2020-08-12,0.0,14.2,81.0,224.0,1.6,NNW
5412,2020-08-13,0.0,17.8,89.0,310.0,0.2,N
5436,2020-08-14,0.0,18.4,88.0,248.0,0.4,NNW
5460,2020-08-15,0.0,17.4,87.0,303.0,0.8,N
5484,2020-08-16,0.0,16.9,78.0,144.0,3.9,NNW
5508,2020-08-17,0.0,17.2,85.0,154.0,2.4,NNW
5532,2020-08-18,0.0,18.2,89.0,291.0,1.1,W
5556,2020-08-19,0.0,20.6,71.0,298.0,2.7,W
5580,2020-08-20,0.0,12.5,74.0,167.0,4.0,WSW
5604,2020-08-21,0.0,10.1,44.0,235.0,2.1,WSW
5628,2020-08-22,0.0,12.7,48.0,227.0,0.9,W
5652,2020-08-23,0.0,12.7,72.0,255.0,1.4,N
5676,2020-08-24,0.0,16.6,91.0,41.0,0.2,WNW
5700,2020-08-25,0.0,19.4,65.0,357.0,0.7,N
5724,2020-08-26,0.0,18.9,61.0,337.0,3.6,NNW
5748,2020-08-27,0.0,19.5,62.0,357.0,2.3,SSE
5772,2020-08-28,0.0,21.7,67.0,299.0,1.0,WSW
5796,2020-08-29,0.0,18.7,81.0,11.0,3.7,ESE
5820,2020-08-30,0.0,21.5,81.0,174.0,1.8,NNE
5844,2020-08-31,0.0,16.8,81.0,154.0,4.1,NW
5868,2020-09-01,0.2,16.1,91.0,194.0,1.4,N
5892,2020-09-02,0.0,19.0,88.0,221.0,0.0,S
5916,2020-09-03,0.0,22.3,79.0,348.0,3.2,SE
5940,2020-09-04,0.0,16.1,84.0,149.0,5.0,WNW
5964,2020-09-05,0.2,15.9,91.0,38.0,0.2,N
5988,2020-09-06,0.0,17.3,92.0,151.0,3.2,NW
6012,2020-09-07,0.8,17.7,91.0,162.0,2.7,NNE
6036,2020-09-08,0.0,17.8,91.0,167.0,1.6,NNE
6060,2020-09-09,0.0,19.5,94.0,320.0,0.3,SSE
6084,2020-09-10,0.0,22.4,80.0,5.0,2.1,SSE
6108,2020-09-11,0.0,19.4,82.0,349.0,2.7,NW
6132,2020-09-12,0.0,23.1,75.0,356.0,1.1,SSE
6156,2020-09-13,0.0,23.0,68.0,344.0,1.3,SSE
6180,2020-09-14,0.0,23.0,79.0,10.0,0.1,SSE
6204,2020-09-15,0.0,16.4,49.0,221.0,0.8,S
6228,2020-09-16,0.0,19.1,74.0,39.0,1.3,ESE
6252,2020-09-17,0.0,20.1,88.0,301.0,0.3,S
6276,2020-09-18,0.0,20.4,83.0,173.0,1.1,ESE
6300,2020-09-19,0.0,21.1,82.0,137.0,0.9,NE
6324,2020-09-20,0.0,15.6,60.0,165.0,4.0,SSE
6348,2020-09-21,0.0,14.9,69.0,166.0,1.4,N
6372,2020-09-22,0.0,14.8,56.0,259.0,1.6,WNW
6396,2020-09-23,0.0,18.9,66.0,316.0,1.6,ESE
6420,2020-09-24,0.0,22.3,64.0,354.0,1.5,N
6444,2020-09-25,0.0,21.7,67.0,339.0,1.8,NNW
6468,2020-09-26,0.0,22.7,62.0,340.0,2.0,SE
6492,2020-09-27,0.0,21.8,80.0,34.0,0.4,S
6516,2020-09-28,2.0,21.5,89.0,323.0,1.2,SSE
6540,2020-09-29,0.0,20.7,64.0,264.0,1.3,SSW
6564,2020-09-30,0.0,23.3,68.0,4.0,2.8,N
6588,2020-10-01,0.0,25.9,70.0,8.0,2.1,SE
6612,2020-10-02,0.0,26.2,67.0,360.0,3.2,SE
6636,2020-10-03,0.0,20.7,79.0,151.0,5.0,SSE
6660,2020-10-04,2.0,16.5,92.0,157.0,2.2,NW
6684,2020-10-05,0.0,19.8,90.0,341.0,2.1,N
6708,2020-10-06,0.0,20.2,80.0,146.0,3.0,NW
6732,2020-10-07,0.0,21.4,75.0,18.0,2.5,SE
6756,2020-10-08,0.0,19.6,87.0,140.0,4.2,SSE
6780,2020-10-09,0.0,19.1,79.0,164.0,1.1,SW
6804,2020-10-10,0.0,19.4,75.0,131.0,0.6,N
6828,2020-10-11,0.0,20.3,54.0,45.0,1.3,N
6852,2020-10-12,0.0,22.3,63.0,347.0,2.8,NNW
6876,2020-10-13,0.0,19.7,80.0,175.0,1.8,S
6900,2020-10-14,0.0,20.9,75.0,147.0,1.8,SE
6924,2020-10-15,0.0,21.2,70.0,140.0,2.6,N
6948,2020-10-16,0.0,20.8,73.0,155.0,3.4,SE
6972,2020-10-17,0.0,20.8,61.0,120.0,1.8,S
6996,2020-10-18,0.0,22.8,66.0,8.0,2.1,NNW
7020,2020-10-19,0.0,23.4,76.0,19.0,2.2,N
7044,2020-10-20,0.0,25.3,69.0,14.0,2.7,WSW
7068,2020-10-21,0.0,24.6,67.0,150.0,1.7,SSE
7092,2020-10-22,0.0,23.3,79.0,71.0,2.2,NE
7116,2020-10-23,0.0,23.4,78.0,11.0,2.7,SSE
7140,2020-10-24,0.0,23.6,72.0,1.0,1.7,SSE
7164,2020-10-25,0.0,23.5,80.0,260.0,1.3,NNW
7188,2020-10-26,0.0,24.1,76.0,19.0,1.6,N
7212,2020-10-27,0.0,23.3,82.0,357.0,2.3,SE
7236,2020-10-28,0.0,26.6,42.0,275.0,3.3,NNE
7260,2020-10-29,0.0,24.2,66.0,178.0,1.6,N
7284,2020-10-30,0.0,19.9,61.0,168.0,3.9,SSE
7308,2020-10-31,0.0,20.1,65.0,235.0,0.9,SW
7332,2020-11-01,0.0,20.9,66.0,173.0,2.5,SSE
7356,2020-11-02,0.0,20.1,72.0,169.0,1.8,S
7380,2020-11-03,0.0,21.4,59.0,134.0,2.6,SE
7404,2020-11-04,0.0,20.8,58.0,158.0,3.8,SSE
7428,2020-11-05,0.0,20.4,39.0,273.0,1.8,SSE
7452,2020-11-06,0.0,21.4,55.0,139.0,1.1,SSE
7476,2020-11-07,0.0,21.9,63.0,131.0,1.9,S
7500,2020-11-08,0.0,24.0,59.0,1.0,2.0,ESE
7524,2020-11-09,0.0,22.5,83.0,17.0,0.9,NE
7548,2020-11-10,0.0,20.7,92.0,352.0,3.0,WNW
7572,2020-11-11,0.0,23.7,86.0,360.0,1.2,N
7596,2020-11-12,0.0,24.1,85.0,331.0,1.1,N
7620,2020-11-13,0.0,23.5,82.0,137.0,1.6,N
7644,2020-11-14,0.0,25.7,69.0,51.0,2.0,WSW
7668,2020-11-15,0.0,28.2,62.0,315.0,1.5,NNE
7692,2020-11-16,0.0,24.9,72.0,125.0,1.3,SE
7716,2020-11-17,0.0,22.3,57.0,153.0,3.6,SSE
7740,2020-11-18,0.0,22.4,54.0,147.0,2.8,NNE
7764,2020-11-19,0.0,18.0,86.0,314.0,0.7,N
7788,2020-11-20,0.0,22.1,60.0,174.0,1.9,N
7812,2020-11-21,0.0,21.8,65.0,151.0,2.0,N
7836,2020-11-22,0.0,22.6,67.0,132.0,1.4,SSE
7860,2020-11-23,0.0,23.8,64.0,140.0,1.4,SE
7884,2020-11-24,0.0,25.1,60.0,14.0,2.7,SSE
7908,2020-11-25,0.0,25.4,75.0,360.0,3.3,SSE
7932,2020-11-26,0.0,26.7,72.0,8.0,3.1,E
7956,2020-11-27,0.0,25.0,76.0,150.0,4.3,SSE
7980,2020-11-28,0.0,26.5,73.0,18.0,2.5,ESE
8004,2020-11-29,0.0,25.4,71.0,306.0,1.3,E
8028,2020-11-30,0.0,28.1,60.0,155.0,0.9,NNE
8052,2020-12-01,0.0,24.2,69.0,173.0,2.1,NNE
8076,2020-12-02,0.0,24.3,69.0,30.0,1.6,NNE
8100,2020-12-03,0.0,24.2,75.0,8.0,3.2,N
8124,2020-12-04,0.0,25.7,56.0,155.0,1.2,SW
8148,2020-12-05,0.2,20.4,82.0,161.0,3.5,SSE
8172,2020-12-06,3.0,18.7,88.0,159.0,1.4,SE
8196,2020-12-07,0.0,19.8,91.0,225.0,1.4,SE
8220,2020-12-08,0.0,23.3,82.0,148.0,2.1,ENE
8244,2020-12-09,0.0,24.4,70.0,133.0,1.5,NNE
8268,2020-12-10,0.0,25.1,68.0,138.0,1.5,NNW
8292,2020-12-11,0.0,28.2,57.0,351.0,2.3,NNE
8316,2020-12-12,0.0,27.9,69.0,11.0,2.7,SSE
8340,2020-12-13,0.0,27.4,62.0,6.0,2.9,SE
8364,2020-12-14,0.0,26.3,73.0,141.0,1.3,NNW
8388,2020-12-15,3.6,20.6,92.0,289.0,1.2,SE
8412,2020-12-16,0.0,26.5,68.0,29.0,2.1,SE
8436,2020-12-17,0.2,21.8,89.0,158.0,4.8,SSW
8460,2020-12-18,0.0,25.3,78.0,159.0,2.4,NE
8484,2020-12-19,0.0,27.4,66.0,354.0,2.4,SE
8508,2020-12-20,0.0,27.4,63.0,125.0,1.0,SSE
8532,2020-12-21,0.0,22.6,84.0,141.0,4.7,SSE
8556,2020-12-22,0.0,22.8,66.0,161.0,1.8,NE
8580,2020-12-23,0.0,23.6,65.0,140.0,1.3,NNE
8604,2020-12-24,1.8,22.3,89.0,233.0,0.3,NNW
8628,2020-12-25,0.0,23.8,69.0,181.0,0.9,NNW
8652,2020-12-26,0.8,22.7,86.0,219.0,1.1,SSE
8676,2020-12-27,0.0,22.7,90.0,193.0,1.2,WNW
8700,2020-12-28,0.0,25.2,75.0,153.0,1.1,ESE
8724,2020-12-29,0.0,26.1,70.0,142.0,1.4,SSE
8748,2020-12-30,0.0,29.8,56.0,310.0,2.3,N
8772,2020-12-31,0.0,27.5,73.0,146.0,1.2,SE
12,2021-01-01,0.0,23.5,65.0,183.0,3.1,SSE
36,2021-01-02,0.0,24.6,59.0,348.0,1.3,N
60,2021-01-03,0.0,25.7,63.0,145.0,1.7,N
84,2021-01-04,0.0,26.5,54.0,43.0,2.1,SE
108,2021-01-05,0.0,26.5,64.0,346.0,1.7,SSE
132,2021-01-06,0.0,25.3,88.0,320.0,1.3,SSE
156,2021-01-07,0.0,28.2,69.0,146.0,1.3,SSW
180,2021-01-08,0.0,27.0,67.0,141.0,0.8,S
204,2021-01-09,0.0,28.7,65.0,267.0,0.7,S
228,2021-01-10,0.0,27.0,75.0,320.0,0.4,SSE
252,2021-01-11,0.0,27.6,78.0,355.0,1.2,S
276,2021-01-12,0.0,27.8,71.0,337.0,1.8,SSE
300,2021-01-13,0.0,25.4,78.0,172.0,4.0,NNW
324,2021-01-14,0.0,23.1,77.0,172.0,3.6,NW
348,2021-01-15,0.0,23.9,88.0,241.0,0.7,N
372,2021-01-16,0.0,27.8,72.0,10.0,3.6,N
396,2021-01-17,0.0,28.8,76.0,4.0,2.3,NW
420,2021-01-18,0.0,24.2,78.0,154.0,4.0,N
444,2021-01-19,0.0,23.6,68.0,165.0,2.6,ENE
468,2021-01-20,0.2,20.5,87.0,203.0,0.9,N
492,2021-01-21,0.6,22.1,92.0,188.0,1.4,NNE
516,2021-01-22,9.0,21.8,92.0,265.0,0.5,N
540,2021-01-23,0.4,22.3,92.0,249.0,0.7,NNE
564,2021-01-24,0.0,24.1,88.0,148.0,0.0,NNE
588,2021-01-25,1.6,22.6,92.0,311.0,0.2,N
612,2021-01-26,0.0,25.7,79.0,359.0,0.9,NNW
636,2021-01-27,0.0,27.9,73.0,359.0,1.0,SSE
660,2021-01-28,0.0,25.8,79.0,211.0,1.9,SSW
684,2021-01-29,0.0,25.6,83.0,345.0,2.0,SW
708,2021-01-30,0.0,26.6,78.0,3.0,2.0,SSE
732,2021-01-31,0.0,27.8,61.0,305.0,1.2,SE
756,2021-02-01,0.0,25.9,82.0,271.0,0.0,SSE
780,2021-02-02,0.0,27.2,75.0,137.0,0.8,N
804,2021-02-03,0.0,28.6,72.0,23.0,2.4,N
828,2021-02-04,0.0,28.7,76.0,350.0,3.3,NNW
852,2021-02-05,0.0,25.5,49.0,305.0,2.3,N
876,2021-02-06,0.0,23.3,56.0,135.0,2.5,SSE
900,2021-02-07,0.0,24.1,59.0,151.0,1.4,SSE
924,2021-02-08,0.0,24.7,67.0,168.0,1.6,SE
948,2021-02-09,0.0,25.6,59.0,154.0,1.3,SSE
972,2021-02-10,0.0,25.5,67.0,161.0,1.1,SW
996,2021-02-11,0.0,26.0,65.0,153.0,1.5,SSE
1020,2021-02-12,0.0,23.8,87.0,9.0,0.0,SE
1044,2021-02-13,0.0,27.3,67.0,292.0,0.8,NW
1068,2021-02-14,0.0,27.6,64.0,304.0,1.2,SSE
1092,2021-02-15,0.0,25.2,70.0,163.0,1.5,SE
1116,2021-02-16,0.0,24.8,71.0,139.0,1.6,SE
1140,2021-02-17,0.0,25.8,67.0,117.0,1.1,NNE
1164,2021-02-18,0.0,27.7,49.0,253.0,1.2,S
1188,2021-02-19,0.0,27.2,52.0,261.0,0.7,SE
1212,2021-02-20,0.0,26.1,64.0,144.0,1.4,NNE
1236,2021-02-21,0.0,26.1,64.0,111.0,1.0,NNE
1260,2021-02-22,0.0,26.8,63.0,307.0,1.5,NNE
1284,2021-02-23,0.0,28.8,58.0,298.0,1.8,SSE
1308,2021-02-24,0.2,24.1,75.0,158.0,1.0,SSW
1332,2021-02-25,0.0,24.2,78.0,206.0,1.4,WNW
1356,2021-02-26,0.0,24.7,69.0,184.0,1.5,NE
1380,2021-02-27,0.0,24.6,84.0,198.0,1.1,NNW
1404,2021-02-28,3.2,23.5,89.0,123.0,2.9,NNW
1428,2021-03-01,11.8,21.5,92.0,304.0,0.4,ESE
1452,2021-03-02,0.0,25.1,81.0,31.0,0.2,SSW
1476,2021-03-03,0.0,26.2,76.0,353.0,0.8,SE
1500,2021-03-04,0.0,25.6,74.0,351.0,0.8,NNW
1524,2021-03-05,0.0,24.8,83.0,152.0,0.9,N
1548,2021-03-06,0.0,23.9,74.0,126.0,1.5,N
1572,2021-03-07,0.0,23.4,72.0,176.0,0.4,N
1596,2021-03-08,0.0,25.6,70.0,24.0,0.9,SSE
1620,2021-03-09,0.0,25.1,72.0,286.0,1.4,WSW
1644,2021-03-10,0.0,25.0,55.0,248.0,1.3,NNW
1668,2021-03-11,0.0,25.5,60.0,298.0,0.8,SE
1692,2021-03-12,0.0,24.7,72.0,138.0,1.0,S
1716,2021-03-13,0.0,26.5,66.0,272.0,0.2,WSW
1740,2021-03-14,0.0,27.0,74.0,357.0,1.4,SSE
1764,2021-03-15,0.2,25.6,72.0,328.0,0.4,WSW
1788,2021-03-16,0.0,27.1,71.0,315.0,0.8,SSE
1812,2021-03-17,0.0,27.1,74.0,317.0,1.8,N
1836,2021-03-18,0.0,26.8,66.0,161.0,4.4,NNE
1860,2021-03-19,0.0,25.1,68.0,189.0,1.1,W
1884,2021-03-20,0.0,25.2,68.0,265.0,1.3,SW
1908,2021-03-21,0.0,27.9,69.0,344.0,2.8,SSE
1932,2021-03-22,0.0,25.8,79.0,146.0,2.3,NNW
1956,2021-03-23,0.0,24.5,81.0,262.0,0.7,NNW
1980,2021-03-24,0.0,25.2,75.0,136.0,0.6,N
2004,2021-03-25,0.0,24.9,76.0,177.0,0.8,SE
2028,2021-03-26,0.0,26.1,71.0,354.0,2.3,ESE
2052,2021-03-27,0.0,26.6,64.0,181.0,1.0,SSE
2076,2021-03-28,0.0,25.3,78.0,344.0,1.4,SE
2100,2021-03-29,0.0,25.7,77.0,239.0,0.5,NNW
2124,2021-03-30,0.0,23.9,71.0,254.0,1.2,N
2148,2021-03-31,0.0,23.8,51.0,251.0,2.5,SW
2172,2021-04-01,0.0,24.5,55.0,213.0,0.8,SW
2196,2021-04-02,0.0,23.0,62.0,182.0,0.6,SSE
2220,2021-04-03,0.0,22.5,74.0,207.0,1.2,NW
2244,2021-04-04,0.0,23.0,70.0,133.0,1.1,W
2268,2021-04-05,0.0,24.5,67.0,210.0,0.5,ESE
2292,2021-04-06,2.4,21.0,87.0,351.0,1.4,S
2316,2021-04-07,0.4,24.0,76.0,238.0,0.5,NE
2340,2021-04-08,0.8,21.9,88.0,256.0,0.1,NNE
2364,2021-04-09,0.0,25.3,67.0,348.0,0.5,SSE
2388,2021-04-10,0.2,25.8,65.0,1.0,1.3,S
2412,2021-04-11,0.0,24.6,79.0,2.0,1.2,N
2436,2021-04-12,0.0,22.9,71.0,151.0,3.5,E
2460,2021-04-13,0.0,23.7,58.0,268.0,0.3,SE
2484,2021-04-14,0.0,22.8,66.0,268.0,0.4,SSW
2508,2021-04-15,0.0,23.2,65.0,168.0,0.6,SW
2532,2021-04-16,0.2,23.0,77.0,141.0,0.2,ESE
2556,2021-04-17,0.0,24.2,71.0,330.0,0.1,SE
2580,2021-04-18,0.0,21.9,82.0,165.0,1.6,W
2604,2021-04-19,0.2,23.4,78.0,182.0,1.4,NW
2628,2021-04-20,0.0,21.6,68.0,238.0,0.9,S
2652,2021-04-21,1.4,20.0,90.0,171.0,2.3,WNW
2676,2021-04-22,0.0,21.2,72.0,146.0,0.4,WNW
2700,2021-04-23,0.0,20.4,75.0,144.0,0.9,NW
2724,2021-04-24,0.0,23.1,69.0,34.0,0.0,WNW
2748,2021-04-25,0.0,22.3,77.0,222.0,0.0,NNW
2772,2021-04-26,0.0,21.5,69.0,193.0,0.8,NW
2796,2021-04-27,0.0,19.6,65.0,161.0,0.7,N
2820,2021-04-28,0.0,19.5,64.0,274.0,1.4,N
2844,2021-04-29,0.0,21.8,64.0,248.0,0.6,SSE
2868,2021-04-30,0.0,20.6,70.0,272.0,0.5,W
2892,2021-05-01,0.0,21.1,70.0,300.0,0.5,SW
2916,2021-05-02,0.0,23.5,72.0,338.0,0.8,SSE
2940,2021-05-03,0.0,23.7,68.0,268.0,0.0,S
2964,2021-05-04,0.0,23.3,71.0,358.0,1.7,SSE
2988,2021-05-05,0.0,22.5,78.0,153.0,2.7,S
3012,2021-05-06,0.0,18.3,89.0,150.0,3.2,W
3036,2021-05-07,0.0,18.0,56.0,264.0,1.0,WSW
3060,2021-05-08,0.0,17.8,63.0,251.0,0.4,SSE
3084,2021-05-09,0.0,16.7,73.0,249.0,0.5,WSW
3108,2021-05-10,1.8,18.6,92.0,300.0,1.6,N
3132,2021-05-11,0.0,20.1,79.0,162.0,0.4,WNW
3156,2021-05-12,5.4,14.9,91.0,297.0,0.7,WNW
3180,2021-05-13,0.0,16.9,63.0,71.0,0.0,WSW
3204,2021-05-14,0.0,16.7,76.0,159.0,0.9,N
3228,2021-05-15,0.0,19.1,73.0,26.0,0.8,ENE
3252,2021-05-16,0.0,17.7,92.0,192.0,0.1,SSE
3276,2021-05-17,0.0,22.0,62.0,342.0,1.1,W
3300,2021-05-18,0.0,17.2,73.0,184.0,1.0,NW
3324,2021-05-19,0.0,16.5,75.0,258.0,0.7,SW
3348,2021-05-20,0.0,17.5,77.0,245.0,0.6,SSW
3372,2021-05-21,0.0,17.5,86.0,274.0,0.4,W
3396,2021-05-22,0.0,22.9,56.0,299.0,2.2,WSW
3420,2021-05-23,0.0,22.0,31.0,261.0,0.9,ENE
3444,2021-05-24,0.0,16.0,44.0,283.0,3.2,ESE
3468,2021-05-25,0.0,16.7,59.0,20.0,0.3,NE
3492,2021-05-26,0.0,16.4,70.0,246.0,0.5,W
3516,2021-05-27,0.0,17.2,67.0,337.0,0.0,NNE
3540,2021-05-28,0.0,16.9,70.0,335.0,0.0,NNW
3564,2021-05-29,0.8,17.7,90.0,320.0,0.8,NNE
3588,2021-05-30,0.0,16.4,74.0,155.0,3.3,SSE
3612,2021-05-31,0.0,16.0,76.0,274.0,0.9,SSE
3636,2021-06-01,0.0,16.0,92.0,168.0,0.1,W
3660,2021-06-02,0.0,18.7,76.0,356.0,2.9,WSW
3684,2021-06-03,0.0,18.9,71.0,144.0,1.3,SSE
3708,2021-06-04,0.0,21.1,72.0,352.0,1.2,W
3732,2021-06-05,0.0,22.2,83.0,2.0,2.1,N
3756,2021-06-06,0.0,20.9,74.0,335.0,0.1,WNW
3780,2021-06-07,0.8,16.1,90.0,216.0,0.8,S
3804,2021-06-08,0.0,17.5,91.0,344.0,0.0,WSW
3828,2021-06-09,3.8,19.6,92.0,217.0,0.9,W
3852,2021-06-10,0.0,20.2,90.0,15.0,0.3,NW
3876,2021-06-11,0.0,18.7,92.0,346.0,0.0,WNW
3900,2021-06-12,0.0,15.2,79.0,282.0,1.2,W
3924,2021-06-13,0.2,15.1,73.0,255.0,0.9,N
3948,2021-06-14,0.0,16.5,71.0,359.0,1.5,W
3972,2021-06-15,0.0,16.1,79.0,111.0,0.0,WNW
3996,2021-06-16,0.0,15.2,74.0,153.0,3.8,NNW
4020,2021-06-17,0.0,12.5,75.0,229.0,1.4,N
4044,2021-06-18,0.0,14.1,77.0,199.0,0.0,SSE
4068,2021-06-19,3.2,15.0,92.0,258.0,0.6,WSW
4092,2021-06-20,0.2,16.1,89.0,215.0,1.0,W
4116,2021-06-21,0.0,14.6,86.0,250.0,0.9,NNW
4140,2021-06-22,0.0,16.7,92.0,197.0,1.3,NW
4164,2021-06-23,0.0,16.2,91.0,232.0,0.7,SSW
4188,2021-06-24,0.0,17.7,88.0,327.0,1.5,NNW
4212,2021-06-25,0.0,17.0,72.0,263.0,0.9,SE
4236,2021-06-26,0.0,17.8,80.0,299.0,0.5,SSE
4260,2021-06-27,0.0,19.9,89.0,330.0,0.4,N
4284,2021-06-28,1.4,12.9,86.0,150.0,3.5,N
4308,2021-06-29,0.0,10.8,49.0,114.0,0.1,ESE
4332,2021-06-30,0.0,12.8,56.0,167.0,0.0,WSW
4356,2021-07-01,0.0,13.5,78.0,258.0,0.8,WSW
4380,2021-07-02,0.0,17.8,78.0,123.0,0.0,N
4404,2021-07-03,0.0,13.8,76.0,272.0,1.4,S
4428,2021-07-04,0.2,12.6,91.0,271.0,0.2,N
4452,2021-07-05,0.0,18.3,70.0,353.0,0.5,NW
4476,2021-07-06,0.0,14.2,89.0,182.0,0.2,SSE
4500,2021-07-07,0.0,17.3,82.5,227.5,1.65,SW
4524,2021-07-08,0.0,16.6,84.0,230.0,0.9,SSE
4548,2021-07-09,0.0,15.8,92.0,251.0,0.0,WSW
4572,2021-07-10,0.0,18.0,75.0,5.0,0.5,N
4596,2021-07-11,0.0,16.5,93.0,9.0,0.0,N
4620,2021-07-12,0.0,16.6,81.0,265.0,1.1,SSE
4644,2021-07-13,0.0,20.1,76.0,25.0,0.4,SSE
4668,2021-07-14,0.0,18.1,84.0,307.0,0.0,WNW
4692,2021-07-15,0.0,19.9,82.0,213.0,0.4,N
4716,2021-07-16,0.0,16.6,73.0,160.0,3.2,WNW
4740,2021-07-17,0.0,16.0,92.0,266.0,0.4,W
4764,2021-07-18,0.0,15.5,33.0,298.0,2.7,NNW
4788,2021-07-19,0.0,13.9,40.0,237.0,0.3,NNW
4812,2021-07-20,0.0,13.4,60.0,12.0,0.0,SE
4836,2021-07-21,0.0,14.0,73.0,118.0,0.0,WNW
4860,2021-07-22,0.0,13.9,89.0,324.0,0.1,N
4884,2021-07-23,0.0,15.2,73.0,358.0,2.1,NE
4908,2021-07-24,0.0,18.1,73.0,327.0,1.6,NNW
4932,2021-07-25,0.0,17.4,83.0,350.0,3.3,N
4956,2021-07-26,0.0,19.7,73.0,351.0,2.3,WNW
4980,2021-07-27,0.0,19.1,82.0,325.0,1.0,NNE
5004,2021-07-28,0.0,10.2,48.0,293.0,1.4,N
5028,2021-07-29,0.0,8.7,46.0,282.0,2.5,WSW
5052,2021-07-30,0.0,10.1,60.0,241.0,0.8,WSW
5076,2021-07-31,0.0,15.2,72.0,209.5,1.4500000000000002,SSW
5100,2021-08-01,0.0,14.6,90.0,256.0,0.9,NNW
5124,2021-08-02,0.0,16.9,78.0,155.0,1.4,NNW
5148,2021-08-03,0.0,13.6,74.0,134.0,0.8,WNW
5172,2021-08-04,0.0,16.6,73.0,166.0,0.9,NW
5196,2021-08-05,0.2,16.8,93.0,212.0,0.5,SSE
5220,2021-08-06,0.0,16.3,93.0,255.0,0.2,SE
5244,2021-08-07,0.0,18.7,85.0,12.0,1.0,W
5268,2021-08-08,0.0,19.4,76.0,23.0,1.2,SSE
5292,2021-08-09,0.0,18.9,81.0,14.0,1.1,SSE
5316,2021-08-10,0.0,18.5,93.0,147.0,0.9,SSE
5340,2021-08-11,0.0,15.0,78.0,155.0,3.9,SSE
5364,2021-08-12,0.0,12.7,69.0,151.0,3.8,W
5388,2021-08-13,0.0,13.6,86.0,254.0,0.1,NNW
5412,2021-08-14,0.2,14.9,93.0,260.0,1.2,N
5436,2021-08-15,0.0,19.4,77.0,333.0,1.0,NNW
5460,2021-08-16,0.0,17.9,92.0,29.0,1.0,N
5484,2021-08-17,0.0,17.2,94.0,2.0,1.6,NNW
5508,2021-08-18,0.0,18.0,92.0,22.0,1.5,NNW
5532,2021-08-19,0.0,21.3,74.0,358.0,2.1,W
5556,2021-08-20,0.0,17.9,94.0,344.0,1.4,W
5580,2021-08-21,0.0,20.9,59.0,107.0,0.6,WSW
5604,2021-08-22,0.0,18.8,76.0,360.0,2.2,WSW
5628,2021-08-23,0.0,21.5,70.0,194.0,0.8,W
5652,2021-08-24,0.0,19.8,74.0,360.0,1.3,N
5676,2021-08-25,0.0,18.6,88.0,334.0,1.5,WNW
5700,2021-08-26,0.0,20.3,85.0,83.0,0.3,N
5724,2021-08-27,0.0,16.5,72.0,133.0,2.2,NNW
5748,2021-08-28,0.0,16.6,80.0,247.0,0.4,SSE
5772,2021-08-29,0.0,17.9,83.0,202.0,0.9,WSW
5796,2021-08-30,0.8,16.3,92.0,248.0,0.8,ESE
5820,2021-08-31,0.0,19.8,84.0,49.0,0.7,NNE
5844,2021-09-01,0.0,21.0,70.0,358.0,2.5,NW
5868,2021-09-02,0.0,20.9,63.0,320.0,1.8,N
5892,2021-09-03,0.0,20.3,78.0,355.0,2.6,S
5916,2021-09-04,0.0,17.8,80.0,147.0,2.3,SE
5940,2021-09-05,0.0,19.7,79.0,12.0,1.5,WNW
5964,2021-09-06,0.0,19.6,76.0,141.0,4.0,N
5988,2021-09-07,2.4,17.9,92.0,226.0,0.0,NW
6012,2021-09-08,0.0,20.0,80.0,345.0,4.5,NNE
6036,2021-09-09,0.0,20.9,87.0,184.0,0.3,NNE
6060,2021-09-10,0.0,19.4,73.0,252.0,0.9,SSE
6084,2021-09-11,0.0,18.6,79.0,231.0,0.5,SSE
6108,2021-09-12,0.0,19.7,74.0,325.0,1.1,NW
6132,2021-09-13,0.0,22.0,76.0,344.0,3.3,SSE
6156,2021-09-14,0.6,21.2,91.0,308.0,1.3,SSE
6180,2021-09-15,0.0,18.0,75.0,160.0,5.6,SSE
6204,2021-09-16,0.0,17.4,72.0,193.0,0.7,S
6228,2021-09-17,0.2,15.5,93.0,309.0,0.4,ESE
6252,2021-09-18,1.8,20.7,80.0,13.0,0.9,S
6276,2021-09-19,0.0,21.8,78.0,348.0,1.4,ESE
6300,2021-09-20,0.0,21.7,89.0,339.0,4.4,NE
6324,2021-09-21,0.0,20.5,79.0,156.0,4.7,SSE
6348,2021-09-22,0.0,19.2,65.0,157.0,2.2,N
6372,2021-09-23,0.0,19.0,58.0,36.0,0.5,WNW
6396,2021-09-24,0.0,18.4,71.0,8.0,1.0,ESE
6420,2021-09-25,0.0,20.0,71.0,181.0,1.1,N
6444,2021-09-26,0.0,23.6,63.0,334.0,1.1,NNW
6468,2021-09-27,0.0,24.5,62.0,5.0,1.0,SE
6492,2021-09-28,0.0,23.2,72.0,11.0,2.5,S
6516,2021-09-29,0.0,21.5,80.0,147.0,1.8,SSE
6540,2021-09-30,0.0,19.8,76.0,207.0,0.9,SSW
6564,2021-10-01,0.0,20.5,84.0,336.0,1.7,N
6588,2021-10-02,0.0,19.8,81.0,145.0,1.9,SE
6612,2021-10-03,0.0,21.3,83.0,188.0,0.5,SE
6636,2021-10-04,0.0,19.4,76.0,157.0,4.0,SSE
6660,2021-10-05,0.0,18.0,61.0,176.0,1.2,NW
6684,2021-10-06,0.0,20.4,73.0,324.0,1.6,N
6708,2021-10-07,0.0,17.5,69.0,154.0,5.0,NW
6732,2021-10-08,0.0,18.6,62.0,280.0,0.5,SE
6756,2021-10-09,0.0,18.4,87.0,27.0,1.2,SSE
6780,2021-10-10,0.0,19.8,86.0,250.0,0.4,SW
6804,2021-10-11,0.0,19.7,78.0,332.0,0.7,N
6828,2021-10-12,1.2,20.0,89.0,11.0,1.5,N
6852,2021-10-13,0.0,21.7,82.0,15.0,1.4,NNW
6876,2021-10-14,0.0,21.5,83.0,29.0,1.3,S
6900,2021-10-15,0.0,21.9,84.0,8.0,2.0,SE
6924,2021-10-16,0.0,23.4,67.0,170.0,2.7,N
6948,2021-10-17,0.0,18.0,81.0,149.0,3.1,SE
6972,2021-10-18,0.4,16.7,90.0,183.0,0.4,S
6996,2021-10-19,0.0,19.9,65.0,159.0,2.2,NNW
7020,2021-10-20,0.0,20.7,66.0,191.0,1.2,N
7044,2021-10-21,0.0,18.9,81.0,263.0,1.4,WSW
7068,2021-10-22,0.0,22.7,58.0,293.0,2.1,SSE
7092,2021-10-23,0.0,23.6,62.0,348.0,4.1,NE
7116,2021-10-24,0.0,20.3,71.0,157.0,3.7,SSE
7140,2021-10-25,0.0,21.4,58.0,8.0,1.7,SSE
7164,2021-10-26,0.0,23.1,66.0,164.0,1.1,NNW
7188,2021-10-27,0.0,23.8,59.0,12.0,0.0,N
7212,2021-10-28,0.0,23.4,76.0,163.0,0.0,SE
7236,2021-10-29,3.2,19.7,92.0,253.0,0.0,NNE
7260,2021-10-30,1.2,20.2,91.0,62.0,0.0,N
7284,2021-10-31,0.0,23.5,72.0,63.0,1.7,SSE
7308,2021-11-01,0.0,21.8,85.0,97.0,0.0,SW
7332,2021-11-02,0.0,24.0,74.0,106.0,0.0,SSE
7356,2021-11-03,0.0,23.0,77.0,348.0,3.0,S
7380,2021-11-04,0.0,23.6,72.0,341.0,2.3,SE
7404,2021-11-05,0.0,23.4,77.0,6.0,0.1,SSE
7428,2021-11-06,0.0,22.2,86.0,322.0,0.0,SSE
7452,2021-11-07,0.0,20.6,73.0,146.0,5.4,SSE
7476,2021-11-08,0.0,20.9,69.0,147.0,0.0,S
7500,2021-11-09,0.0,21.4,70.0,188.0,0.0,ESE
7524,2021-11-10,0.0,20.8,64.0,147.0,0.0,NE
7548,2021-11-11,0.0,21.2,63.0,162.0,0.0,WNW
7572,2021-11-12,0.0,18.4,77.0,151.0,0.2,N
7596,2021-11-13,0.0,20.4,69.0,182.0,0.0,N
7620,2021-11-14,0.0,22.0,59.0,1.0,1.9,N
7644,2021-11-15,0.0,22.6,77.0,340.0,2.4,WSW
7668,2021-11-16,0.0,24.3,66.0,357.0,2.2,NNE
7692,2021-11-17,0.0,23.6,70.0,22.0,1.0,SE
7716,2021-11-18,0.0,19.3,91.0,184.0,0.0,SSE
7740,2021-11-19,0.0,21.5,77.0,148.0,3.9,NNE
7764,2021-11-20,0.0,21.5,66.0,147.0,0.0,N
7788,2021-11-21,0.0,23.3,57.0,26.0,0.3,N
7812,2021-11-22,0.0,24.2,57.0,20.0,0.2,N
7836,2021-11-23,0.0,26.2,60.0,51.0,0.0,SSE
7860,2021-11-24,0.0,22.1,61.0,154.0,1.8,SE
7884,2021-11-25,0.0,23.2,70.0,322.0,1.3,SSE
7908,2021-11-26,0.0,26.2,74.0,43.0,1.7,SSE
7932,2021-11-27,0.0,24.4,73.0,135.0,1.6,E
7956,2021-11-28,0.0,24.9,70.0,155.0,1.8,SSE
7980,2021-11-29,0.0,26.8,68.0,19.0,1.6,ESE
8004,2021-11-30,0.0,25.9,56.0,140.0,1.3,E
8028,2021-12-01,0.0,25.3,65.0,156.0,1.8,NNE
8052,2021-12-02,0.0,22.3,62.0,157.0,2.4,NNE
8076,2021-12-03,0.0,21.5,76.0,164.0,2.1,NNE
8100,2021-12-04,0.0,21.2,85.0,269.0,1.2,N
8124,2021-12-05,0.0,24.1,69.0,7.0,1.8,SW
8148,2021-12-06,0.0,22.1,82.0,207.0,0.5,SSE
8172,2021-12-07,0.0,21.1,68.0,162.0,3.0,SE
8196,2021-12-08,0.0,22.7,60.0,187.0,2.0,SE
8220,2021-12-09,0.0,21.7,69.0,167.0,2.4,ENE
8244,2021-12-10,0.0,22.6,66.0,130.0,2.7,NNE
8268,2021-12-11,0.0,24.7,64.0,328.0,1.4,NNW
8292,2021-12-12,0.6,22.9,91.0,350.0,0.4,NNE
8316,2021-12-13,0.0,26.5,67.0,7.0,2.1,SSE
8340,2021-12-14,0.0,26.2,78.0,176.0,0.8,SE
8364,2021-12-15,0.4,25.7,83.0,162.0,1.3,NNW
8388,2021-12-16,0.2,26.0,79.0,148.0,2.0,SE
8412,2021-12-17,0.0,25.7,69.0,149.0,3.4,SE
8436,2021-12-18,0.0,25.0,68.0,153.0,1.6,SSW
8460,2021-12-19,0.0,26.3,46.0,73.0,0.8,NE
8484,2021-12-20,0.0,26.6,57.0,327.0,2.0,SE
8508,2021-12-21,0.0,26.3,62.0,349.0,2.9,SSE
8532,2021-12-22,0.0,26.9,68.0,133.0,3.6,SSE
8556,2021-12-23,0.0,25.5,54.0,151.0,3.5,NE
8580,2021-12-24,0.0,23.8,61.0,179.0,1.4,NNE
8604,2021-12-25,0.0,25.0,55.0,4.0,1.5,NNW
8628,2021-12-26,0.0,26.6,58.0,351.0,3.1,NNW
8652,2021-12-27,0.0,25.6,69.0,158.0,1.4,SSE
8676,2021-12-28,0.0,25.9,58.0,159.0,1.6,WNW
8700,2021-12-29,0.0,25.2,73.0,142.0,1.2,ESE
8724,2021-12-30,0.0,26.5,62.0,42.0,2.0,SSE
8748,2021-12-31,0.0,24.5,68.0,282.0,0.0,N
12,2022-01-01,0.0,26.2,63.0,150.0,1.3,SSE
36,2022-01-02,0.0,28.8,60.0,5.0,2.0,N
60,2022-01-03,0.0,28.8,64.0,360.0,2.3,N
84,2022-01-04,0.0,27.2,74.0,127.0,1.3,SE
108,2022-01-05,0.0,28.9,67.0,157.0,0.8,SSE
132,2022-01-06,0.0,22.8,85.0,163.0,4.6,SSE
156,2022-01-07,0.0,22.2,73.0,199.0,3.0,SSW
180,2022-01-08,0.0,22.9,73.0,173.0,1.0,S
204,2022-01-09,0.0,23.5,64.0,172.0,1.3,S
228,2022-01-10,0.0,23.8,79.0,150.0,2.6,SSE
252,2022-01-11,0.0,24.3,80.0,178.0,1.1,S
276,2022-01-12,0.0,25.9,71.0,161.0,1.4,SSE
300,2022-01-13,0.0,24.9,75.0,342.0,1.0,NNW
324,2022-01-14,0.0,25.9,71.0,320.0,1.6,NW
348,2022-01-15,0.0,28.4,60.0,357.0,3.4,N
372,2022-01-16,0.0,28.3,61.0,5.0,2.6,N
396,2022-01-17,0.0,28.5,66.0,314.0,1.7,NW
420,2022-01-18,0.0,30.5,58.0,1.0,1.7,N
444,2022-01-19,0.0,30.3,67.0,73.0,1.2,ENE
468,2022-01-20,0.0,30.3,63.0,11.0,1.9,N
492,2022-01-21,0.0,29.6,68.0,14.0,2.3,NNE
516,2022-01-22,0.0,28.7,63.0,6.0,2.3,N
540,2022-01-23,0.0,28.4,61.0,25.0,2.2,NNE
564,2022-01-24,0.0,29.9,58.0,30.0,1.4,NNE
588,2022-01-25,0.0,29.3,63.0,9.0,1.9,N
612,2022-01-26,0.0,29.8,58.0,344.0,3.3,NNW
636,2022-01-27,0.0,27.7,77.0,149.0,4.1,SSE
660,2022-01-28,0.6,20.1,87.0,201.0,2.9,SSW
684,2022-01-29,0.0,22.3,72.0,215.0,1.7,SW
708,2022-01-30,0.0,23.4,71.0,155.0,4.3,SSE
732,2022-01-31,0.0,25.6,68.0,144.0,1.2,SE
756,2022-02-01,0.0,26.7,65.0,155.0,1.3,SSE
780,2022-02-02,0.0,27.2,73.0,355.0,0.9,N
804,2022-02-03,0.0,28.5,61.0,352.0,2.4,N
828,2022-02-04,0.0,26.1,77.0,336.0,2.5,NNW
852,2022-02-05,0.0,29.6,68.0,8.0,1.2,N
876,2022-02-06,0.0,26.2,79.0,147.0,1.0,SSE
900,2022-02-07,0.0,25.4,57.0,151.0,1.2,SSE
924,2022-02-08,0.0,25.3,60.0,129.0,1.0,SE
948,2022-02-09,0.0,24.7,60.0,153.0,1.2,SSE
972,2022-02-10,0.0,25.8,70.0,232.0,0.7,SW
996,2022-02-11,0.0,25.9,69.0,154.0,1.3,SSE
1020,2022-02-12,0.0,26.5,72.0,140.0,1.3,SE
1044,2022-02-13,0.0,26.7,58.0,317.0,2.1,NW
1068,2022-02-14,0.0,24.3,82.0,157.0,1.4,SSE
1092,2022-02-15,0.0,25.8,57.0,138.0,1.3,SE
1116,2022-02-16,0.0,24.6,62.0,125.0,1.5,SE
1140,2022-02-17,0.0,27.4,57.0,27.0,0.8,NNE
1164,2022-02-18,0.0,24.7,70.0,180.0,0.2,S
1188,2022-02-19,0.0,23.7,67.0,126.0,1.1,SE
1212,2022-02-20,0.0,27.4,65.0,17.0,1.3,NNE
1236,2022-02-21,0.0,28.3,76.0,24.0,1.2,NNE
1260,2022-02-22,0.2,28.3,65.0,17.0,0.9,NNE
1284,2022-02-23,0.0,25.2,76.0,149.0,1.8,SSE
1308,2022-02-24,0.0,24.1,79.0,209.0,0.3,SSW
1332,2022-02-25,0.0,25.7,77.0,290.0,0.5,WNW
1356,2022-02-26,0.0,29.8,65.0,40.0,1.8,NE
1380,2022-02-27,0.0,28.0,60.0,348.0,3.1,NNW
1404,2022-02-28,0.0,28.4,71.0,347.0,2.3,NNW
1428,2022-03-01,0.0,26.5,76.0,105.0,1.9,ESE
1452,2022-03-02,0.0,26.5,74.0,202.0,1.0,SSW
1476,2022-03-03,0.0,25.7,78.0,133.0,0.9,SE
1500,2022-03-04,0.0,28.0,65.0,347.0,0.2,NNW
1524,2022-03-05,0.0,28.1,71.0,2.0,2.4,N
1548,2022-03-06,0.0,30.0,67.0,356.0,1.1,N
1572,2022-03-07,0.0,27.7,71.0,9.0,0.6,N
1596,2022-03-08,0.2,26.2,79.0,152.0,5.5,SSE
1620,2022-03-09,0.0,25.5,81.0,244.0,0.9,WSW
1644,2022-03-10,0.0,27.1,75.0,345.0,2.4,NNW
1668,2022-03-11,0.0,26.8,78.0,141.0,1.1,SE
1692,2022-03-12,3.8,20.3,88.0,173.0,3.1,S
1716,2022-03-13,1.2,20.2,89.0,247.0,1.2,WSW
1740,2022-03-14,0.0,22.8,83.0,165.0,2.1,SSE
1764,2022-03-15,0.0,24.1,77.0,254.0,0.5,WSW
1788,2022-03-16,0.0,24.3,81.0,159.0,2.4,SSE
1812,2022-03-17,0.0,25.5,70.0,4.0,1.5,N
1836,2022-03-18,0.0,27.7,71.0,27.0,1.7,NNE
1860,2022-03-19,0.2,24.2,83.0,259.0,0.9,W
1884,2022-03-20,0.0,23.7,60.0,219.0,1.0,SW
1908,2022-03-21,0.0,20.1,83.0,149.0,2.7,SSE
1932,2022-03-22,0.2,21.6,82.0,348.0,1.8,NNW
1956,2022-03-23,0.0,24.7,69.0,338.0,3.1,NNW
1980,2022-03-24,0.0,24.5,83.0,11.0,2.6,N
2004,2022-03-25,0.0,23.8,67.0,131.0,1.5,SE
2028,2022-03-26,0.0,24.3,69.0,123.0,1.4,ESE
2052,2022-03-27,0.0,23.8,67.0,151.0,1.2,SSE
2076,2022-03-28,0.0,24.6,71.0,141.0,1.2,SE
2100,2022-03-29,0.0,25.0,63.0,347.0,2.6,NNW
2124,2022-03-30,0.0,26.9,69.0,353.0,2.1,N
2148,2022-03-31,0.0,18.1,55.0,222.0,3.0,SW
2172,2022-04-01,0.0,19.5,60.0,233.0,1.0,SW
2196,2022-04-02,0.0,19.7,84.0,155.0,2.9,SSE
2220,2022-04-03,0.2,20.8,91.0,324.0,0.1,NW
2244,2022-04-04,0.0,23.9,88.0,279.0,0.0,W
2268,2022-04-05,0.0,23.3,76.0,114.0,0.2,ESE
2292,2022-04-06,0.0,23.1,80.0,188.0,0.6,S
2316,2022-04-07,0.0,24.0,78.0,47.0,0.8,NE
2340,2022-04-08,0.0,23.7,75.0,29.0,0.9,NNE
2364,2022-04-09,0.0,23.4,78.0,164.0,1.4,SSE
2388,2022-04-10,0.0,24.7,78.0,183.0,1.3,S
2412,2022-04-11,0.0,23.4,85.0,358.0,0.7,N
2436,2022-04-12,1.8,21.7,91.0,88.0,0.0,E
2460,2022-04-13,0.0,24.4,75.0,145.0,1.0,SE
2484,2022-04-14,0.0,22.2,66.0,207.0,2.2,SSW
2508,2022-04-15,0.0,19.7,33.0,225.0,2.0,SW
2532,2022-04-16,0.0,20.4,60.0,114.0,0.0,ESE
2556,2022-04-17,0.0,19.7,75.0,129.0,2.7,SE
2580,2022-04-18,0.0,20.0,66.0,266.0,0.7,W
2604,2022-04-19,0.0,22.7,61.0,317.0,0.1,NW
2628,2022-04-20,0.0,20.9,70.0,185.0,1.0,S
2652,2022-04-21,0.0,22.4,64.0,303.0,0.5,WNW
2676,2022-04-22,0.0,21.1,73.0,302.0,0.1,WNW
2700,2022-04-23,0.0,21.7,61.0,319.0,0.7,NW
2724,2022-04-24,0.0,22.0,70.0,300.0,0.0,WNW
2748,2022-04-25,0.0,23.7,74.0,335.0,2.5,NNW
2772,2022-04-26,0.0,22.8,84.0,305.0,0.0,NW
2796,2022-04-27,0.0,24.9,81.0,3.0,2.5,N
2820,2022-04-28,0.0,25.9,73.0,360.0,1.8,N
2844,2022-04-29,0.0,21.3,67.0,168.0,3.8,SSE
2868,2022-04-30,0.0,18.5,74.0,277.0,1.1,W
2892,2022-05-01,0.0,19.7,89.0,225.0,1.8,SW
2916,2022-05-02,1.0,19.3,86.0,167.0,2.1,SSE
2940,2022-05-03,4.8,18.5,92.0,180.0,1.9,S
2964,2022-05-04,0.0,20.4,85.0,155.0,3.2,SSE
2988,2022-05-05,0.0,21.8,69.0,170.0,2.6,S
3012,2022-05-06,0.0,19.0,63.0,275.0,1.0,W
3036,2022-05-07,0.0,19.6,71.0,245.0,0.9,WSW
3060,2022-05-08,0.0,19.5,68.0,159.0,0.5,SSE
3084,2022-05-09,0.0,20.9,73.0,244.0,0.0,WSW
3108,2022-05-10,0.0,20.4,79.0,351.0,1.4,N
3132,2022-05-11,0.0,21.2,87.0,292.0,0.1,WNW
3156,2022-05-12,0.0,19.2,69.0,286.0,0.7,WNW
3180,2022-05-13,0.0,18.1,69.0,252.0,0.9,WSW
3204,2022-05-14,0.0,20.2,74.0,360.0,1.3,N
3228,2022-05-15,0.0,22.7,76.0,57.0,0.8,ENE
3252,2022-05-16,0.0,18.6,69.0,153.0,2.7,SSE
3276,2022-05-17,0.0,15.2,43.0,274.0,2.6,W
3300,2022-05-18,0.0,18.0,51.0,314.0,1.3,NW
3324,2022-05-19,0.0,18.5,50.0,233.0,4.5,SW
3348,2022-05-20,0.0,15.6,55.0,206.0,0.4,SSW
3372,2022-05-21,0.0,14.2,72.0,264.0,1.4,W
3396,2022-05-22,0.0,16.8,75.0,257.0,0.4,WSW
3420,2022-05-23,0.0,19.1,77.0,69.0,0.0,ENE
3444,2022-05-24,0.0,19.2,80.0,119.0,0.2,ESE
3468,2022-05-25,0.0,19.2,90.0,39.0,0.2,NE
3492,2022-05-26,0.0,20.6,72.0,265.0,0.6,W
3516,2022-05-27,0.0,20.8,77.0,19.0,0.1,NNE
3540,2022-05-28,0.0,20.1,81.0,330.0,0.0,NNW
3564,2022-05-29,4.0,18.8,89.0,14.0,1.1,NNE
3588,2022-05-30,0.0,17.8,82.0,168.0,2.7,SSE
3612,2022-05-31,0.0,13.7,68.0,157.0,3.2,SSE
3636,2022-06-01,0.0,13.2,86.0,272.0,0.6,W
3660,2022-06-02,0.0,14.5,90.0,241.0,0.2,WSW
3684,2022-06-03,0.0,14.7,67.0,161.0,0.4,SSE
3708,2022-06-04,0.0,15.6,73.0,267.0,0.0,W
3732,2022-06-05,0.0,17.6,85.0,358.0,1.8,N
3756,2022-06-06,0.0,18.0,90.0,292.0,0.4,WNW
3780,2022-06-07,0.6,17.5,92.0,176.0,0.4,S
3804,2022-06-08,0.0,18.4,86.0,243.0,0.1,WSW
3828,2022-06-09,0.4,17.0,91.0,269.0,1.0,W
3852,2022-06-10,0.0,17.7,93.0,315.0,0.0,NW
3876,2022-06-11,0.0,11.3,67.0,294.0,0.2,WNW
3900,2022-06-12,0.0,11.9,40.0,269.0,1.0,W
3924,2022-06-13,0.0,15.6,71.0,358.0,0.0,N
3948,2022-06-14,0.0,15.1,82.0,268.0,0.5,W
3972,2022-06-15,0.0,16.8,77.0,292.0,1.9,WNW
3996,2022-06-16,0.0,17.2,74.0,335.0,1.5,NNW
4020,2022-06-17,0.0,18.1,84.0,357.0,2.8,N
4044,2022-06-18,0.0,15.1,71.0,147.0,2.8,SSE
4068,2022-06-19,0.0,12.8,83.0,249.0,0.1,WSW
4092,2022-06-20,0.0,16.9,72.0,266.0,0.9,W
4116,2022-06-21,0.0,16.0,82.0,347.0,1.0,NNW
4140,2022-06-22,1.2,18.4,83.0,314.0,1.0,NW
4164,2022-06-23,0.0,18.9,86.0,211.0,0.2,SSW
4188,2022-06-24,0.0,18.6,92.0,339.0,0.1,NNW
4212,2022-06-25,0.0,17.5,84.0,145.0,4.0,SE
4236,2022-06-26,0.0,15.2,75.0,156.0,2.2,SSE
4260,2022-06-27,0.0,17.1,74.0,357.0,1.2,N
4284,2022-06-28,0.0,18.2,75.0,3.0,1.9,N
4308,2022-06-29,0.0,16.3,85.0,121.0,2.3,ESE
4332,2022-06-30,0.0,15.4,68.0,238.0,0.0,WSW
4356,2022-07-01,0.0,12.2,90.0,258.0,0.9,WSW
4380,2022-07-02,0.0,18.7,80.0,6.0,1.5,N
4404,2022-07-03,0.0,17.8,91.0,175.0,0.7,S
4428,2022-07-04,0.0,17.3,91.0,360.0,1.6,N
4452,2022-07-05,0.0,21.0,72.0,310.0,0.4,NW
4476,2022-07-06,0.0,18.4,84.0,164.0,1.0,SSE
4500,2022-07-07,0.0,17.3,82.5,227.5,1.65,SW
4524,2022-07-08,0.0,18.7,78.0,165.0,1.1,SSE
4548,2022-07-09,0.0,18.7,84.0,240.0,0.2,WSW
4572,2022-07-10,0.0,19.1,81.0,1.0,2.7,N
4596,2022-07-11,0.0,18.9,82.0,356.0,2.1,N
4620,2022-07-12,0.0,19.5,85.0,167.0,4.1,SSE
4644,2022-07-13,0.0,15.0,69.0,155.0,2.4,SSE
4668,2022-07-14,0.2,15.5,88.0,288.0,0.0,WNW
4692,2022-07-15,0.0,19.8,89.0,353.0,1.6,N
4716,2022-07-16,0.0,20.4,80.0,285.0,2.1,WNW
4740,2022-07-17,0.0,18.0,54.0,279.0,0.1,W
4764,2022-07-18,0.0,16.3,72.0,347.0,0.0,NNW
4788,2022-07-19,0.0,17.5,76.0,331.0,0.3,NNW
4812,2022-07-20,0.0,17.8,82.0,139.0,0.0,SE
4836,2022-07-21,0.0,20.0,73.0,285.0,2.9,WNW
4860,2022-07-22,0.0,19.2,80.0,356.0,2.7,N
4884,2022-07-23,0.0,17.9,94.0,47.0,0.1,NE
4908,2022-07-24,0.0,19.0,83.0,348.0,2.2,NNW
4932,2022-07-25,0.0,18.2,92.0,6.0,0.8,N
4956,2022-07-26,0.0,19.8,73.0,292.0,1.4,WNW
4980,2022-07-27,0.0,19.8,70.0,13.0,0.0,NNE
5004,2022-07-28,0.0,19.9,72.0,4.0,2.3,N
5028,2022-07-29,0.0,17.1,73.0,243.0,0.0,WSW
5052,2022-07-30,0.0,14.3,60.0,258.0,0.2,WSW
5076,2022-07-31,0.0,15.2,72.0,209.5,1.4500000000000002,SSW
5100,2022-08-01,0.0,17.2,67.0,348.0,1.4,NNW
5124,2022-08-02,0.0,17.3,83.0,345.0,0.6,NNW
5148,2022-08-03,0.0,20.5,72.0,293.0,2.0,WNW
5172,2022-08-04,0.0,21.0,77.0,323.0,2.6,NW
5196,2022-08-05,0.0,18.7,73.0,154.0,2.4,SSE
5220,2022-08-06,0.0,15.4,73.0,144.0,3.0,SE
5244,2022-08-07,0.0,14.4,93.0,279.0,0.6,W
5268,2022-08-08,0.2,16.7,92.0,152.0,1.0,SSE
5292,2022-08-09,0.6,16.9,92.0,163.0,1.5,SSE
5316,2022-08-10,8.0,14.7,90.0,154.0,7.1,SSE
5340,2022-08-11,0.0,16.6,69.0,147.0,1.5,SSE
5364,2022-08-12,0.0,16.9,85.0,266.0,0.8,W
5388,2022-08-13,0.0,19.3,72.0,334.0,2.0,NNW
5412,2022-08-14,0.0,19.5,72.0,10.0,0.6,N
5436,2022-08-15,0.0,19.9,76.0,337.0,2.1,NNW
5460,2022-08-16,0.0,20.0,79.0,9.0,1.7,N
5484,2022-08-17,0.0,17.8,85.0,346.0,1.4,NNW
5508,2022-08-18,0.2,18.7,90.0,328.0,0.6,NNW
5532,2022-08-19,0.0,11.8,55.0,262.0,1.7,W
5556,2022-08-20,0.0,12.6,59.0,267.0,0.3,W
5580,2022-08-21,0.0,16.6,76.0,252.0,0.2,WSW
5604,2022-08-22,0.0,16.3,76.0,243.0,0.3,WSW
5628,2022-08-23,0.0,17.8,91.0,274.0,0.0,W
5652,2022-08-24,0.0,19.6,75.0,1.0,1.3,N
5676,2022-08-25,0.0,20.5,69.0,295.0,1.1,WNW
5700,2022-08-26,0.0,19.8,74.0,355.0,3.0,N
5724,2022-08-27,0.0,20.0,79.0,347.0,2.0,NNW
5748,2022-08-28,0.2,19.1,82.0,150.0,4.3,SSE
5772,2022-08-29,0.0,12.7,48.0,240.0,3.0,WSW
5796,2022-08-30,0.0,15.3,63.0,121.0,0.8,ESE
5820,2022-08-31,0.0,15.3,87.0,23.0,0.2,NNE
5844,2022-09-01,0.0,19.6,58.0,317.0,2.7,NW
5868,2022-09-02,0.0,19.4,77.0,8.0,0.4,N
5892,2022-09-03,0.0,15.0,73.0,177.0,2.8,S
5916,2022-09-04,0.0,14.7,52.0,126.0,1.1,SE
5940,2022-09-05,0.0,15.6,83.0,303.0,0.7,WNW
5964,2022-09-06,0.4,16.8,91.0,10.0,0.9,N
5988,2022-09-07,0.0,17.7,89.0,317.0,0.5,NW
6012,2022-09-08,0.0,19.1,83.0,14.0,1.3,NNE
6036,2022-09-09,0.2,21.9,82.0,12.0,1.6,NNE
6060,2022-09-10,0.0,14.9,79.0,158.0,5.5,SSE
6084,2022-09-11,0.0,15.1,63.0,165.0,1.7,SSE
6108,2022-09-12,1.6,14.2,90.0,307.0,0.9,NW
6132,2022-09-13,0.0,19.9,79.0,167.0,0.6,SSE
6156,2022-09-14,0.0,17.1,80.0,153.0,2.1,SSE
6180,2022-09-15,0.0,18.0,71.0,164.0,0.5,SSE
6204,2022-09-16,0.0,18.5,81.0,188.0,2.0,S
6228,2022-09-17,0.0,15.9,83.0,120.0,1.8,ESE
6252,2022-09-18,0.2,17.0,84.0,175.0,0.5,S
6276,2022-09-19,0.0,19.0,70.0,102.0,0.2,ESE
6300,2022-09-20,0.0,21.6,66.0,40.0,0.8,NE
6324,2022-09-21,0.0,19.9,74.0,151.0,0.8,SSE
6348,2022-09-22,0.0,19.4,69.0,5.0,1.5,N
6372,2022-09-23,0.0,17.2,41.0,283.0,3.5,WNW
6396,2022-09-24,0.0,17.1,47.0,121.0,0.0,ESE
6420,2022-09-25,0.0,18.1,66.0,360.0,0.5,N
6444,2022-09-26,0.0,18.5,76.0,346.0,1.7,NNW
6468,2022-09-27,0.0,19.4,82.0,135.0,1.2,SE
6492,2022-09-28,0.0,19.7,63.0,170.0,2.8,S
6516,2022-09-29,0.0,18.7,67.0,163.0,1.8,SSE
6540,2022-09-30,0.0,16.2,87.0,195.0,0.1,SSW
6564,2022-10-01,0.0,19.7,73.0,352.0,1.6,N
6588,2022-10-02,0.0,18.9,76.0,137.0,1.5,SE
6612,2022-10-03,0.0,19.5,64.0,128.0,1.4,SE
6636,2022-10-04,0.0,17.5,64.0,151.0,2.2,SSE
6660,2022-10-05,0.0,19.0,64.0,323.0,0.3,NW
6684,2022-10-06,0.4,20.1,87.0,356.0,2.3,N
6708,2022-10-07,0.0,25.1,54.0,309.0,1.8,NW
6732,2022-10-08,0.0,19.8,66.0,138.0,1.0,SE
6756,2022-10-09,0.0,20.1,74.0,149.0,5.2,SSE
6780,2022-10-10,2.8,13.2,88.0,214.0,0.4,SW
6804,2022-10-11,0.4,17.4,93.0,350.0,1.2,N
6828,2022-10-12,0.0,21.5,78.0,3.0,0.0,N
6852,2022-10-13,0.0,19.8,81.0,345.0,0.1,NNW
6876,2022-10-14,1.0,19.6,89.0,178.0,1.2,S
6900,2022-10-15,0.0,18.6,92.0,132.0,1.5,SE
6924,2022-10-16,6.4,18.5,93.0,356.0,0.7,N
6948,2022-10-17,0.0,20.9,84.0,145.0,3.0,SE
6972,2022-10-18,0.0,20.8,80.0,176.0,0.8,S
6996,2022-10-19,0.0,21.4,75.0,338.0,1.3,NNW
7020,2022-10-20,0.0,22.7,77.0,350.0,0.7,N
7044,2022-10-21,0.0,23.5,77.0,237.0,0.3,WSW
7068,2022-10-22,0.0,22.9,69.0,162.0,2.3,SSE
7092,2022-10-23,0.0,23.1,60.0,46.0,2.3,NE
7116,2022-10-24,0.0,21.7,65.0,150.0,2.3,SSE
7140,2022-10-25,0.0,21.7,66.0,148.0,1.7,SSE
7164,2022-10-26,0.0,22.7,71.0,334.0,2.0,NNW
7188,2022-10-27,0.0,24.1,70.0,349.0,2.6,N
7212,2022-10-28,0.0,24.9,66.0,134.0,1.6,SE
7236,2022-10-29,0.0,25.5,75.0,23.0,0.0,NNE
7260,2022-10-30,0.0,25.5,58.0,10.0,1.8,N
7284,2022-10-31,0.0,24.0,75.0,151.0,3.1,SSE
7308,2022-11-01,0.0,16.7,53.0,222.0,1.9,SW
7332,2022-11-02,0.0,19.0,49.0,165.0,3.5,SSE
7356,2022-11-03,0.0,19.9,54.0,170.0,0.9,S
7380,2022-11-04,0.0,19.5,49.0,131.0,1.6,SE
7404,2022-11-05,0.0,19.3,60.0,158.0,1.3,SSE
7428,2022-11-06,0.0,20.9,60.0,147.0,2.6,SSE
7452,2022-11-07,0.0,20.7,62.0,161.0,2.6,SSE
7476,2022-11-08,0.0,22.1,61.0,174.0,2.0,S
7500,2022-11-09,0.0,20.2,60.0,122.0,1.2,ESE
7524,2022-11-10,0.0,23.0,62.0,46.0,2.0,NE
7548,2022-11-11,0.0,21.7,69.0,302.0,0.4,WNW
7572,2022-11-12,0.0,24.4,67.0,351.0,0.4,N
7596,2022-11-13,0.0,25.4,65.0,10.0,1.6,N
7620,2022-11-14,0.0,23.1,85.0,352.0,1.8,N
7644,2022-11-15,0.0,26.7,30.0,254.0,2.9,WSW
7668,2022-11-16,0.0,26.6,41.0,20.0,1.0,NNE
7692,2022-11-17,0.0,23.9,49.0,139.0,2.0,SE
7716,2022-11-18,0.0,22.7,60.0,165.0,1.4,SSE
7740,2022-11-19,0.0,24.6,57.0,28.0,1.9,NNE
7764,2022-11-20,0.0,24.1,64.0,1.0,3.4,N
7788,2022-11-21,0.0,25.8,65.0,7.0,2.4,N
7812,2022-11-22,0.0,24.9,77.0,8.0,1.7,N
7836,2022-11-23,0.0,21.3,85.0,149.0,4.7,SSE
7860,2022-11-24,0.0,23.3,63.0,144.0,3.0,SE
7884,2022-11-25,0.0,22.8,62.0,156.0,3.4,SSE
7908,2022-11-26,0.0,22.4,86.0,162.0,3.0,SSE
7932,2022-11-27,0.0,20.7,87.0,89.0,3.5,E
7956,2022-11-28,0.0,23.7,79.0,156.0,2.3,SSE
7980,2022-11-29,0.0,23.9,84.0,120.0,2.1,ESE
8004,2022-11-30,0.0,23.1,87.0,97.0,2.9,E
8028,2022-12-01,1.4,25.0,84.0,20.0,1.8,NNE
8052,2022-12-02,0.0,25.4,80.0,12.0,1.1,NNE
8076,2022-12-03,0.0,26.7,78.0,16.0,1.7,NNE
8100,2022-12-04,0.0,25.8,85.0,7.0,1.6,N
8124,2022-12-05,2.0,23.5,91.0,224.0,0.1,SW
8148,2022-12-06,0.0,25.9,75.0,163.0,2.0,SSE
8172,2022-12-07,0.0,25.2,75.0,130.0,2.8,SE
8196,2022-12-08,0.0,24.2,74.0,142.0,1.6,SE
8220,2022-12-09,0.0,27.4,67.0,65.0,1.9,ENE
8244,2022-12-10,0.0,27.3,61.0,19.0,1.9,NNE
8268,2022-12-11,0.0,24.3,87.0,335.0,0.8,NNW
8292,2022-12-12,0.0,29.9,61.0,12.0,1.2,NNE
8316,2022-12-13,0.0,24.7,49.0,166.0,1.9,SSE
8340,2022-12-14,0.0,24.0,52.0,140.0,0.0,SE
8364,2022-12-15,0.0,25.3,50.0,335.0,1.6,NNW
8388,2022-12-16,0.0,24.9,67.0,136.0,0.0,SE
8412,2022-12-17,0.0,22.6,65.0,146.0,1.6,SE
8436,2022-12-18,0.0,21.9,78.0,201.0,0.0,SSW
8460,2022-12-19,4.6,20.2,92.0,36.0,0.0,NE
8484,2022-12-20,4.4,19.9,92.0,129.0,0.0,SE
8508,2022-12-21,0.8,21.0,87.0,158.0,0.5,SSE
8532,2022-12-22,0.0,23.1,71.0,151.0,0.0,SSE
8556,2022-12-23,0.0,24.4,63.0,44.0,0.0,NE
8580,2022-12-24,0.0,25.1,62.0,13.0,0.2,NNE
8604,2022-12-25,0.0,25.3,69.0,347.0,0.0,NNW
8628,2022-12-26,0.0,25.0,76.0,328.0,0.0,NNW
8652,2022-12-27,0.0,25.3,68.0,149.0,0.0,SSE
8676,2022-12-28,0.0,23.6,81.0,296.0,0.0,WNW
8700,2022-12-29,0.0,25.4,56.0,104.0,0.0,ESE
8724,2022-12-30,0.0,25.8,56.0,167.0,0.0,SSE
8748,2022-12-31,0.0,26.2,58.0,5.0,2.0,N
